2026-05-26 01:01:44.023 +03:00 [WRN] Entity 'Product' has a global query filter defined and is the required end of a relationship with the entity 'CartItem'. This may lead to unexpected results when the required entity is filtered out. Either configure the navigation as optional, or define matching query filters for both entities in the navigation. See https://go.microsoft.com/fwlink/?linkid=2131316 for more information.
2026-05-26 01:01:44.052 +03:00 [WRN] Entity 'Order' has a global query filter defined and is the required end of a relationship with the entity 'OrderItem'. This may lead to unexpected results when the required entity is filtered out. Either configure the navigation as optional, or define matching query filters for both entities in the navigation. See https://go.microsoft.com/fwlink/?linkid=2131316 for more information.
2026-05-26 01:01:44.053 +03:00 [WRN] Entity 'Order' has a global query filter defined and is the required end of a relationship with the entity 'Payment'. This may lead to unexpected results when the required entity is filtered out. Either configure the navigation as optional, or define matching query filters for both entities in the navigation. See https://go.microsoft.com/fwlink/?linkid=2131316 for more information.
2026-05-26 01:01:44.053 +03:00 [WRN] Entity 'Product' has a global query filter defined and is the required end of a relationship with the entity 'ProductImage'. This may lead to unexpected results when the required entity is filtered out. Either configure the navigation as optional, or define matching query filters for both entities in the navigation. See https://go.microsoft.com/fwlink/?linkid=2131316 for more information.
2026-05-26 01:01:59.010 +03:00 [ERR] An error occurred using the connection to database 'ShopNest' on server 'localhost,1433'.
2026-05-26 01:01:59.031 +03:00 [ERR] An exception occurred while iterating over the results of a query for context type 'ShopNest.Infrastructure.Persistence.AppDbContext'.
Microsoft.Data.SqlClient.SqlException (0x80131904): A network-related or instance-specific error occurred while establishing a connection to SQL Server. The server was not found or was not accessible. Verify that the instance name is correct and that SQL Server is configured to allow remote connections. (provider: TCP Provider, error: 35 - An internal exception was caught)
 ---> System.Net.Sockets.SocketException (61): Connection refused
   at Microsoft.Data.SqlClient.ManagedSni.SniTcpHandle.Connect(String serverName, Int32 port, TimeoutTimer timeout, SqlConnectionIPAddressPreference ipPreference, String cachedFQDN, SQLDNSInfo& pendingDNSInfo)
   at Microsoft.Data.SqlClient.ManagedSni.SniTcpHandle..ctor(String serverName, Int32 port, TimeoutTimer timeout, Boolean parallel, SqlConnectionIPAddressPreference ipPreference, String cachedFQDN, SQLDNSInfo& pendingDNSInfo, Boolean tlsFirst, String hostNameInCertificate, String serverCertificateFilename)
   at Microsoft.Data.SqlClient.SqlInternalConnection.OnError(SqlException exception, Boolean breakConnection, Action`1 wrapCloseInAction)
   at Microsoft.Data.SqlClient.TdsParser.ThrowExceptionAndWarning(TdsParserStateObject stateObj, SqlCommand command, Boolean callerHasConnectionLock, Boolean asyncClose)
   at Microsoft.Data.SqlClient.TdsParser.Connect(ServerInfo serverInfo, SqlInternalConnectionTds connHandler, TimeoutTimer timeout, SqlConnectionString connectionOptions, Boolean withFailover)
   at Microsoft.Data.SqlClient.SqlInternalConnectionTds.AttemptOneLogin(ServerInfo serverInfo, String newPassword, SecureString newSecurePassword, TimeoutTimer timeout, Boolean withFailover)
   at Microsoft.Data.SqlClient.SqlInternalConnectionTds.LoginNoFailover(ServerInfo serverInfo, String newPassword, SecureString newSecurePassword, Boolean redirectedUserInstance, SqlConnectionString connectionOptions, SqlCredential credential, TimeoutTimer timeout)
   at Microsoft.Data.SqlClient.SqlInternalConnectionTds.OpenLoginEnlist(TimeoutTimer timeout, SqlConnectionString connectionOptions, SqlCredential credential, String newPassword, SecureString newSecurePassword, Boolean redirectedUserInstance)
   at Microsoft.Data.SqlClient.SqlInternalConnectionTds..ctor(DbConnectionPoolIdentity identity, SqlConnectionString connectionOptions, SqlCredential credential, Object providerInfo, String newPassword, SecureString newSecurePassword, Boolean redirectedUserInstance, SqlConnectionString userConnectionOptions, SessionData reconnectSessionData, Boolean applyTransientFaultHandling, String accessToken, IDbConnectionPool pool, Func`3 accessTokenCallback)
   at Microsoft.Data.SqlClient.SqlConnectionFactory.CreateConnection(DbConnectionOptions options, DbConnectionPoolKey poolKey, DbConnectionPoolGroupProviderInfo poolGroupProviderInfo, IDbConnectionPool pool, DbConnection owningConnection, DbConnectionOptions userOptions)
   at Microsoft.Data.ProviderBase.DbConnectionFactory.CreatePooledConnection(IDbConnectionPool pool, DbConnection owningObject, DbConnectionOptions options, DbConnectionPoolKey poolKey, DbConnectionOptions userOptions)
   at Microsoft.Data.SqlClient.ConnectionPool.WaitHandleDbConnectionPool.CreateObject(DbConnection owningObject, DbConnectionOptions userOptions, DbConnectionInternal oldConnection)
   at Microsoft.Data.SqlClient.ConnectionPool.WaitHandleDbConnectionPool.UserCreateRequest(DbConnection owningObject, DbConnectionOptions userOptions, DbConnectionInternal oldConnection)
   at Microsoft.Data.SqlClient.ConnectionPool.WaitHandleDbConnectionPool.TryGetConnection(DbConnection owningObject, UInt32 waitForMultipleObjectsTimeout, Boolean allowCreate, Boolean onlyOneCheckConnection, DbConnectionOptions userOptions, DbConnectionInternal& connection)
   at Microsoft.Data.SqlClient.ConnectionPool.WaitHandleDbConnectionPool.WaitForPendingOpen()
--- End of stack trace from previous location ---
   at Microsoft.EntityFrameworkCore.Storage.RelationalConnection.OpenInternalAsync(Boolean errorsExpected, CancellationToken cancellationToken)
   at Microsoft.EntityFrameworkCore.Storage.RelationalConnection.OpenInternalAsync(Boolean errorsExpected, CancellationToken cancellationToken)
   at Microsoft.EntityFrameworkCore.Storage.RelationalConnection.OpenAsync(CancellationToken cancellationToken, Boolean errorsExpected)
   at Microsoft.EntityFrameworkCore.Storage.RelationalCommand.ExecuteReaderAsync(RelationalCommandParameterObject parameterObject, CancellationToken cancellationToken)
   at Microsoft.EntityFrameworkCore.Query.Internal.SingleQueryingEnumerable`1.AsyncEnumerator.InitializeReaderAsync(AsyncEnumerator enumerator, CancellationToken cancellationToken)
   at Microsoft.EntityFrameworkCore.Storage.ExecutionStrategy.<>c__DisplayClass30_0`2.<<ExecuteAsync>b__0>d.MoveNext()
--- End of stack trace from previous location ---
   at Microsoft.EntityFrameworkCore.Storage.ExecutionStrategy.ExecuteImplementationAsync[TState,TResult](Func`4 operation, Func`4 verifySucceeded, TState state, CancellationToken cancellationToken)
   at Microsoft.EntityFrameworkCore.Storage.ExecutionStrategy.ExecuteImplementationAsync[TState,TResult](Func`4 operation, Func`4 verifySucceeded, TState state, CancellationToken cancellationToken)
   at Microsoft.EntityFrameworkCore.Storage.ExecutionStrategy.ExecuteAsync[TState,TResult](TState state, Func`4 operation, Func`4 verifySucceeded, CancellationToken cancellationToken)
   at Microsoft.EntityFrameworkCore.Query.Internal.SingleQueryingEnumerable`1.AsyncEnumerator.MoveNextAsync()
ClientConnectionId:00000000-0000-0000-0000-000000000000
Error Number:10061,State:0,Class:20
Microsoft.Data.SqlClient.SqlException (0x80131904): A network-related or instance-specific error occurred while establishing a connection to SQL Server. The server was not found or was not accessible. Verify that the instance name is correct and that SQL Server is configured to allow remote connections. (provider: TCP Provider, error: 35 - An internal exception was caught)
 ---> System.Net.Sockets.SocketException (61): Connection refused
   at Microsoft.Data.SqlClient.ManagedSni.SniTcpHandle.Connect(String serverName, Int32 port, TimeoutTimer timeout, SqlConnectionIPAddressPreference ipPreference, String cachedFQDN, SQLDNSInfo& pendingDNSInfo)
   at Microsoft.Data.SqlClient.ManagedSni.SniTcpHandle..ctor(String serverName, Int32 port, TimeoutTimer timeout, Boolean parallel, SqlConnectionIPAddressPreference ipPreference, String cachedFQDN, SQLDNSInfo& pendingDNSInfo, Boolean tlsFirst, String hostNameInCertificate, String serverCertificateFilename)
   at Microsoft.Data.SqlClient.SqlInternalConnection.OnError(SqlException exception, Boolean breakConnection, Action`1 wrapCloseInAction)
   at Microsoft.Data.SqlClient.TdsParser.ThrowExceptionAndWarning(TdsParserStateObject stateObj, SqlCommand command, Boolean callerHasConnectionLock, Boolean asyncClose)
   at Microsoft.Data.SqlClient.TdsParser.Connect(ServerInfo serverInfo, SqlInternalConnectionTds connHandler, TimeoutTimer timeout, SqlConnectionString connectionOptions, Boolean withFailover)
   at Microsoft.Data.SqlClient.SqlInternalConnectionTds.AttemptOneLogin(ServerInfo serverInfo, String newPassword, SecureString newSecurePassword, TimeoutTimer timeout, Boolean withFailover)
   at Microsoft.Data.SqlClient.SqlInternalConnectionTds.LoginNoFailover(ServerInfo serverInfo, String newPassword, SecureString newSecurePassword, Boolean redirectedUserInstance, SqlConnectionString connectionOptions, SqlCredential credential, TimeoutTimer timeout)
   at Microsoft.Data.SqlClient.SqlInternalConnectionTds.OpenLoginEnlist(TimeoutTimer timeout, SqlConnectionString connectionOptions, SqlCredential credential, String newPassword, SecureString newSecurePassword, Boolean redirectedUserInstance)
   at Microsoft.Data.SqlClient.SqlInternalConnectionTds..ctor(DbConnectionPoolIdentity identity, SqlConnectionString connectionOptions, SqlCredential credential, Object providerInfo, String newPassword, SecureString newSecurePassword, Boolean redirectedUserInstance, SqlConnectionString userConnectionOptions, SessionData reconnectSessionData, Boolean applyTransientFaultHandling, String accessToken, IDbConnectionPool pool, Func`3 accessTokenCallback)
   at Microsoft.Data.SqlClient.SqlConnectionFactory.CreateConnection(DbConnectionOptions options, DbConnectionPoolKey poolKey, DbConnectionPoolGroupProviderInfo poolGroupProviderInfo, IDbConnectionPool pool, DbConnection owningConnection, DbConnectionOptions userOptions)
   at Microsoft.Data.ProviderBase.DbConnectionFactory.CreatePooledConnection(IDbConnectionPool pool, DbConnection owningObject, DbConnectionOptions options, DbConnectionPoolKey poolKey, DbConnectionOptions userOptions)
   at Microsoft.Data.SqlClient.ConnectionPool.WaitHandleDbConnectionPool.CreateObject(DbConnection owningObject, DbConnectionOptions userOptions, DbConnectionInternal oldConnection)
   at Microsoft.Data.SqlClient.ConnectionPool.WaitHandleDbConnectionPool.UserCreateRequest(DbConnection owningObject, DbConnectionOptions userOptions, DbConnectionInternal oldConnection)
   at Microsoft.Data.SqlClient.ConnectionPool.WaitHandleDbConnectionPool.TryGetConnection(DbConnection owningObject, UInt32 waitForMultipleObjectsTimeout, Boolean allowCreate, Boolean onlyOneCheckConnection, DbConnectionOptions userOptions, DbConnectionInternal& connection)
   at Microsoft.Data.SqlClient.ConnectionPool.WaitHandleDbConnectionPool.WaitForPendingOpen()
--- End of stack trace from previous location ---
   at Microsoft.EntityFrameworkCore.Storage.RelationalConnection.OpenInternalAsync(Boolean errorsExpected, CancellationToken cancellationToken)
   at Microsoft.EntityFrameworkCore.Storage.RelationalConnection.OpenInternalAsync(Boolean errorsExpected, CancellationToken cancellationToken)
   at Microsoft.EntityFrameworkCore.Storage.RelationalConnection.OpenAsync(CancellationToken cancellationToken, Boolean errorsExpected)
   at Microsoft.EntityFrameworkCore.Storage.RelationalCommand.ExecuteReaderAsync(RelationalCommandParameterObject parameterObject, CancellationToken cancellationToken)
   at Microsoft.EntityFrameworkCore.Query.Internal.SingleQueryingEnumerable`1.AsyncEnumerator.InitializeReaderAsync(AsyncEnumerator enumerator, CancellationToken cancellationToken)
   at Microsoft.EntityFrameworkCore.Storage.ExecutionStrategy.<>c__DisplayClass30_0`2.<<ExecuteAsync>b__0>d.MoveNext()
--- End of stack trace from previous location ---
   at Microsoft.EntityFrameworkCore.Storage.ExecutionStrategy.ExecuteImplementationAsync[TState,TResult](Func`4 operation, Func`4 verifySucceeded, TState state, CancellationToken cancellationToken)
   at Microsoft.EntityFrameworkCore.Storage.ExecutionStrategy.ExecuteImplementationAsync[TState,TResult](Func`4 operation, Func`4 verifySucceeded, TState state, CancellationToken cancellationToken)
   at Microsoft.EntityFrameworkCore.Storage.ExecutionStrategy.ExecuteAsync[TState,TResult](TState state, Func`4 operation, Func`4 verifySucceeded, CancellationToken cancellationToken)
   at Microsoft.EntityFrameworkCore.Query.Internal.SingleQueryingEnumerable`1.AsyncEnumerator.MoveNextAsync()
ClientConnectionId:00000000-0000-0000-0000-000000000000
Error Number:10061,State:0,Class:20
2026-05-26 01:04:17.275 +03:00 [WRN] Entity 'Product' has a global query filter defined and is the required end of a relationship with the entity 'CartItem'. This may lead to unexpected results when the required entity is filtered out. Either configure the navigation as optional, or define matching query filters for both entities in the navigation. See https://go.microsoft.com/fwlink/?linkid=2131316 for more information.
2026-05-26 01:04:17.316 +03:00 [WRN] Entity 'Order' has a global query filter defined and is the required end of a relationship with the entity 'OrderItem'. This may lead to unexpected results when the required entity is filtered out. Either configure the navigation as optional, or define matching query filters for both entities in the navigation. See https://go.microsoft.com/fwlink/?linkid=2131316 for more information.
2026-05-26 01:04:17.317 +03:00 [WRN] Entity 'Order' has a global query filter defined and is the required end of a relationship with the entity 'Payment'. This may lead to unexpected results when the required entity is filtered out. Either configure the navigation as optional, or define matching query filters for both entities in the navigation. See https://go.microsoft.com/fwlink/?linkid=2131316 for more information.
2026-05-26 01:04:17.317 +03:00 [WRN] Entity 'Product' has a global query filter defined and is the required end of a relationship with the entity 'ProductImage'. This may lead to unexpected results when the required entity is filtered out. Either configure the navigation as optional, or define matching query filters for both entities in the navigation. See https://go.microsoft.com/fwlink/?linkid=2131316 for more information.
2026-05-26 01:04:32.332 +03:00 [ERR] An error occurred using the connection to database 'ShopNest' on server 'localhost,1433'.
2026-05-26 01:04:32.357 +03:00 [ERR] An exception occurred while iterating over the results of a query for context type 'ShopNest.Infrastructure.Persistence.AppDbContext'.
Microsoft.Data.SqlClient.SqlException (0x80131904): A network-related or instance-specific error occurred while establishing a connection to SQL Server. The server was not found or was not accessible. Verify that the instance name is correct and that SQL Server is configured to allow remote connections. (provider: TCP Provider, error: 35 - An internal exception was caught)
 ---> System.Net.Sockets.SocketException (61): Connection refused
   at Microsoft.Data.SqlClient.ManagedSni.SniTcpHandle.Connect(String serverName, Int32 port, TimeoutTimer timeout, SqlConnectionIPAddressPreference ipPreference, String cachedFQDN, SQLDNSInfo& pendingDNSInfo)
   at Microsoft.Data.SqlClient.ManagedSni.SniTcpHandle..ctor(String serverName, Int32 port, TimeoutTimer timeout, Boolean parallel, SqlConnectionIPAddressPreference ipPreference, String cachedFQDN, SQLDNSInfo& pendingDNSInfo, Boolean tlsFirst, String hostNameInCertificate, String serverCertificateFilename)
   at Microsoft.Data.SqlClient.SqlInternalConnection.OnError(SqlException exception, Boolean breakConnection, Action`1 wrapCloseInAction)
   at Microsoft.Data.SqlClient.TdsParser.ThrowExceptionAndWarning(TdsParserStateObject stateObj, SqlCommand command, Boolean callerHasConnectionLock, Boolean asyncClose)
   at Microsoft.Data.SqlClient.TdsParser.Connect(ServerInfo serverInfo, SqlInternalConnectionTds connHandler, TimeoutTimer timeout, SqlConnectionString connectionOptions, Boolean withFailover)
   at Microsoft.Data.SqlClient.SqlInternalConnectionTds.AttemptOneLogin(ServerInfo serverInfo, String newPassword, SecureString newSecurePassword, TimeoutTimer timeout, Boolean withFailover)
   at Microsoft.Data.SqlClient.SqlInternalConnectionTds.LoginNoFailover(ServerInfo serverInfo, String newPassword, SecureString newSecurePassword, Boolean redirectedUserInstance, SqlConnectionString connectionOptions, SqlCredential credential, TimeoutTimer timeout)
   at Microsoft.Data.SqlClient.SqlInternalConnectionTds.OpenLoginEnlist(TimeoutTimer timeout, SqlConnectionString connectionOptions, SqlCredential credential, String newPassword, SecureString newSecurePassword, Boolean redirectedUserInstance)
   at Microsoft.Data.SqlClient.SqlInternalConnectionTds..ctor(DbConnectionPoolIdentity identity, SqlConnectionString connectionOptions, SqlCredential credential, Object providerInfo, String newPassword, SecureString newSecurePassword, Boolean redirectedUserInstance, SqlConnectionString userConnectionOptions, SessionData reconnectSessionData, Boolean applyTransientFaultHandling, String accessToken, IDbConnectionPool pool, Func`3 accessTokenCallback)
   at Microsoft.Data.SqlClient.SqlConnectionFactory.CreateConnection(DbConnectionOptions options, DbConnectionPoolKey poolKey, DbConnectionPoolGroupProviderInfo poolGroupProviderInfo, IDbConnectionPool pool, DbConnection owningConnection, DbConnectionOptions userOptions)
   at Microsoft.Data.ProviderBase.DbConnectionFactory.CreatePooledConnection(IDbConnectionPool pool, DbConnection owningObject, DbConnectionOptions options, DbConnectionPoolKey poolKey, DbConnectionOptions userOptions)
   at Microsoft.Data.SqlClient.ConnectionPool.WaitHandleDbConnectionPool.CreateObject(DbConnection owningObject, DbConnectionOptions userOptions, DbConnectionInternal oldConnection)
   at Microsoft.Data.SqlClient.ConnectionPool.WaitHandleDbConnectionPool.UserCreateRequest(DbConnection owningObject, DbConnectionOptions userOptions, DbConnectionInternal oldConnection)
   at Microsoft.Data.SqlClient.ConnectionPool.WaitHandleDbConnectionPool.TryGetConnection(DbConnection owningObject, UInt32 waitForMultipleObjectsTimeout, Boolean allowCreate, Boolean onlyOneCheckConnection, DbConnectionOptions userOptions, DbConnectionInternal& connection)
   at Microsoft.Data.SqlClient.ConnectionPool.WaitHandleDbConnectionPool.WaitForPendingOpen()
--- End of stack trace from previous location ---
   at Microsoft.EntityFrameworkCore.Storage.RelationalConnection.OpenInternalAsync(Boolean errorsExpected, CancellationToken cancellationToken)
   at Microsoft.EntityFrameworkCore.Storage.RelationalConnection.OpenInternalAsync(Boolean errorsExpected, CancellationToken cancellationToken)
   at Microsoft.EntityFrameworkCore.Storage.RelationalConnection.OpenAsync(CancellationToken cancellationToken, Boolean errorsExpected)
   at Microsoft.EntityFrameworkCore.Storage.RelationalCommand.ExecuteReaderAsync(RelationalCommandParameterObject parameterObject, CancellationToken cancellationToken)
   at Microsoft.EntityFrameworkCore.Query.Internal.SingleQueryingEnumerable`1.AsyncEnumerator.InitializeReaderAsync(AsyncEnumerator enumerator, CancellationToken cancellationToken)
   at Microsoft.EntityFrameworkCore.Storage.ExecutionStrategy.<>c__DisplayClass30_0`2.<<ExecuteAsync>b__0>d.MoveNext()
--- End of stack trace from previous location ---
   at Microsoft.EntityFrameworkCore.Storage.ExecutionStrategy.ExecuteImplementationAsync[TState,TResult](Func`4 operation, Func`4 verifySucceeded, TState state, CancellationToken cancellationToken)
   at Microsoft.EntityFrameworkCore.Storage.ExecutionStrategy.ExecuteImplementationAsync[TState,TResult](Func`4 operation, Func`4 verifySucceeded, TState state, CancellationToken cancellationToken)
   at Microsoft.EntityFrameworkCore.Storage.ExecutionStrategy.ExecuteAsync[TState,TResult](TState state, Func`4 operation, Func`4 verifySucceeded, CancellationToken cancellationToken)
   at Microsoft.EntityFrameworkCore.Query.Internal.SingleQueryingEnumerable`1.AsyncEnumerator.MoveNextAsync()
ClientConnectionId:00000000-0000-0000-0000-000000000000
Error Number:10061,State:0,Class:20
Microsoft.Data.SqlClient.SqlException (0x80131904): A network-related or instance-specific error occurred while establishing a connection to SQL Server. The server was not found or was not accessible. Verify that the instance name is correct and that SQL Server is configured to allow remote connections. (provider: TCP Provider, error: 35 - An internal exception was caught)
 ---> System.Net.Sockets.SocketException (61): Connection refused
   at Microsoft.Data.SqlClient.ManagedSni.SniTcpHandle.Connect(String serverName, Int32 port, TimeoutTimer timeout, SqlConnectionIPAddressPreference ipPreference, String cachedFQDN, SQLDNSInfo& pendingDNSInfo)
   at Microsoft.Data.SqlClient.ManagedSni.SniTcpHandle..ctor(String serverName, Int32 port, TimeoutTimer timeout, Boolean parallel, SqlConnectionIPAddressPreference ipPreference, String cachedFQDN, SQLDNSInfo& pendingDNSInfo, Boolean tlsFirst, String hostNameInCertificate, String serverCertificateFilename)
   at Microsoft.Data.SqlClient.SqlInternalConnection.OnError(SqlException exception, Boolean breakConnection, Action`1 wrapCloseInAction)
   at Microsoft.Data.SqlClient.TdsParser.ThrowExceptionAndWarning(TdsParserStateObject stateObj, SqlCommand command, Boolean callerHasConnectionLock, Boolean asyncClose)
   at Microsoft.Data.SqlClient.TdsParser.Connect(ServerInfo serverInfo, SqlInternalConnectionTds connHandler, TimeoutTimer timeout, SqlConnectionString connectionOptions, Boolean withFailover)
   at Microsoft.Data.SqlClient.SqlInternalConnectionTds.AttemptOneLogin(ServerInfo serverInfo, String newPassword, SecureString newSecurePassword, TimeoutTimer timeout, Boolean withFailover)
   at Microsoft.Data.SqlClient.SqlInternalConnectionTds.LoginNoFailover(ServerInfo serverInfo, String newPassword, SecureString newSecurePassword, Boolean redirectedUserInstance, SqlConnectionString connectionOptions, SqlCredential credential, TimeoutTimer timeout)
   at Microsoft.Data.SqlClient.SqlInternalConnectionTds.OpenLoginEnlist(TimeoutTimer timeout, SqlConnectionString connectionOptions, SqlCredential credential, String newPassword, SecureString newSecurePassword, Boolean redirectedUserInstance)
   at Microsoft.Data.SqlClient.SqlInternalConnectionTds..ctor(DbConnectionPoolIdentity identity, SqlConnectionString connectionOptions, SqlCredential credential, Object providerInfo, String newPassword, SecureString newSecurePassword, Boolean redirectedUserInstance, SqlConnectionString userConnectionOptions, SessionData reconnectSessionData, Boolean applyTransientFaultHandling, String accessToken, IDbConnectionPool pool, Func`3 accessTokenCallback)
   at Microsoft.Data.SqlClient.SqlConnectionFactory.CreateConnection(DbConnectionOptions options, DbConnectionPoolKey poolKey, DbConnectionPoolGroupProviderInfo poolGroupProviderInfo, IDbConnectionPool pool, DbConnection owningConnection, DbConnectionOptions userOptions)
   at Microsoft.Data.ProviderBase.DbConnectionFactory.CreatePooledConnection(IDbConnectionPool pool, DbConnection owningObject, DbConnectionOptions options, DbConnectionPoolKey poolKey, DbConnectionOptions userOptions)
   at Microsoft.Data.SqlClient.ConnectionPool.WaitHandleDbConnectionPool.CreateObject(DbConnection owningObject, DbConnectionOptions userOptions, DbConnectionInternal oldConnection)
   at Microsoft.Data.SqlClient.ConnectionPool.WaitHandleDbConnectionPool.UserCreateRequest(DbConnection owningObject, DbConnectionOptions userOptions, DbConnectionInternal oldConnection)
   at Microsoft.Data.SqlClient.ConnectionPool.WaitHandleDbConnectionPool.TryGetConnection(DbConnection owningObject, UInt32 waitForMultipleObjectsTimeout, Boolean allowCreate, Boolean onlyOneCheckConnection, DbConnectionOptions userOptions, DbConnectionInternal& connection)
   at Microsoft.Data.SqlClient.ConnectionPool.WaitHandleDbConnectionPool.WaitForPendingOpen()
--- End of stack trace from previous location ---
   at Microsoft.EntityFrameworkCore.Storage.RelationalConnection.OpenInternalAsync(Boolean errorsExpected, CancellationToken cancellationToken)
   at Microsoft.EntityFrameworkCore.Storage.RelationalConnection.OpenInternalAsync(Boolean errorsExpected, CancellationToken cancellationToken)
   at Microsoft.EntityFrameworkCore.Storage.RelationalConnection.OpenAsync(CancellationToken cancellationToken, Boolean errorsExpected)
   at Microsoft.EntityFrameworkCore.Storage.RelationalCommand.ExecuteReaderAsync(RelationalCommandParameterObject parameterObject, CancellationToken cancellationToken)
   at Microsoft.EntityFrameworkCore.Query.Internal.SingleQueryingEnumerable`1.AsyncEnumerator.InitializeReaderAsync(AsyncEnumerator enumerator, CancellationToken cancellationToken)
   at Microsoft.EntityFrameworkCore.Storage.ExecutionStrategy.<>c__DisplayClass30_0`2.<<ExecuteAsync>b__0>d.MoveNext()
--- End of stack trace from previous location ---
   at Microsoft.EntityFrameworkCore.Storage.ExecutionStrategy.ExecuteImplementationAsync[TState,TResult](Func`4 operation, Func`4 verifySucceeded, TState state, CancellationToken cancellationToken)
   at Microsoft.EntityFrameworkCore.Storage.ExecutionStrategy.ExecuteImplementationAsync[TState,TResult](Func`4 operation, Func`4 verifySucceeded, TState state, CancellationToken cancellationToken)
   at Microsoft.EntityFrameworkCore.Storage.ExecutionStrategy.ExecuteAsync[TState,TResult](TState state, Func`4 operation, Func`4 verifySucceeded, CancellationToken cancellationToken)
   at Microsoft.EntityFrameworkCore.Query.Internal.SingleQueryingEnumerable`1.AsyncEnumerator.MoveNextAsync()
ClientConnectionId:00000000-0000-0000-0000-000000000000
Error Number:10061,State:0,Class:20
2026-05-26 01:05:20.950 +03:00 [WRN] Entity 'Product' has a global query filter defined and is the required end of a relationship with the entity 'CartItem'. This may lead to unexpected results when the required entity is filtered out. Either configure the navigation as optional, or define matching query filters for both entities in the navigation. See https://go.microsoft.com/fwlink/?linkid=2131316 for more information.
2026-05-26 01:05:20.982 +03:00 [WRN] Entity 'Order' has a global query filter defined and is the required end of a relationship with the entity 'OrderItem'. This may lead to unexpected results when the required entity is filtered out. Either configure the navigation as optional, or define matching query filters for both entities in the navigation. See https://go.microsoft.com/fwlink/?linkid=2131316 for more information.
2026-05-26 01:05:20.983 +03:00 [WRN] Entity 'Order' has a global query filter defined and is the required end of a relationship with the entity 'Payment'. This may lead to unexpected results when the required entity is filtered out. Either configure the navigation as optional, or define matching query filters for both entities in the navigation. See https://go.microsoft.com/fwlink/?linkid=2131316 for more information.
2026-05-26 01:05:20.983 +03:00 [WRN] Entity 'Product' has a global query filter defined and is the required end of a relationship with the entity 'ProductImage'. This may lead to unexpected results when the required entity is filtered out. Either configure the navigation as optional, or define matching query filters for both entities in the navigation. See https://go.microsoft.com/fwlink/?linkid=2131316 for more information.
2026-05-26 01:05:21.414 +03:00 [ERR] An error occurred using the connection to database 'ShopNest' on server 'localhost,1433'.
2026-05-26 01:05:21.429 +03:00 [ERR] An exception occurred while iterating over the results of a query for context type 'ShopNest.Infrastructure.Persistence.AppDbContext'.
Microsoft.Data.SqlClient.SqlException (0x80131904): A connection was successfully established with the server, but then an error occurred during the pre-login handshake. (provider: TCP Provider, error: 35 - An internal exception was caught)
 ---> System.Net.Sockets.SocketException (22): Invalid argument
   at System.Net.Sockets.Socket.UpdateStatusAfterSocketErrorAndThrowException(SocketError error, Boolean disconnectOnFailure, String callerName)
   at System.Net.Sockets.Socket.UpdateStatusAfterSocketOptionErrorAndThrowException(SocketError error, String callerName)
   at Microsoft.Data.SqlClient.ManagedSni.SniTcpHandle.Receive(SniPacket& packet, Int32 timeoutInMilliseconds)
   at Microsoft.Data.SqlClient.SqlInternalConnection.OnError(SqlException exception, Boolean breakConnection, Action`1 wrapCloseInAction)
   at Microsoft.Data.SqlClient.TdsParser.ThrowExceptionAndWarning(TdsParserStateObject stateObj, SqlCommand command, Boolean callerHasConnectionLock, Boolean asyncClose)
   at Microsoft.Data.SqlClient.TdsParserStateObject.ThrowExceptionAndWarning(Boolean callerHasConnectionLock, Boolean asyncClose)
   at Microsoft.Data.SqlClient.TdsParserStateObject.ReadSniError(TdsParserStateObject stateObj, UInt32 error)
   at Microsoft.Data.SqlClient.TdsParserStateObject.ReadSniSyncOverAsync()
   at Microsoft.Data.SqlClient.TdsParserStateObject.TryReadNetworkPacket()
   at Microsoft.Data.SqlClient.TdsParser.ConsumePreLoginHandshake(SqlConnectionEncryptOption encrypt, Boolean trustServerCert, Boolean integratedSecurity, Boolean& marsCapable, Boolean& fedAuthRequired, Boolean tlsFirst, String serverCertificateFilename)
   at Microsoft.Data.SqlClient.TdsParser.Connect(ServerInfo serverInfo, SqlInternalConnectionTds connHandler, TimeoutTimer timeout, SqlConnectionString connectionOptions, Boolean withFailover)
   at Microsoft.Data.SqlClient.SqlInternalConnectionTds.AttemptOneLogin(ServerInfo serverInfo, String newPassword, SecureString newSecurePassword, TimeoutTimer timeout, Boolean withFailover)
   at Microsoft.Data.SqlClient.SqlInternalConnectionTds.LoginNoFailover(ServerInfo serverInfo, String newPassword, SecureString newSecurePassword, Boolean redirectedUserInstance, SqlConnectionString connectionOptions, SqlCredential credential, TimeoutTimer timeout)
   at Microsoft.Data.SqlClient.SqlInternalConnectionTds.OpenLoginEnlist(TimeoutTimer timeout, SqlConnectionString connectionOptions, SqlCredential credential, String newPassword, SecureString newSecurePassword, Boolean redirectedUserInstance)
   at Microsoft.Data.SqlClient.SqlInternalConnectionTds..ctor(DbConnectionPoolIdentity identity, SqlConnectionString connectionOptions, SqlCredential credential, Object providerInfo, String newPassword, SecureString newSecurePassword, Boolean redirectedUserInstance, SqlConnectionString userConnectionOptions, SessionData reconnectSessionData, Boolean applyTransientFaultHandling, String accessToken, IDbConnectionPool pool, Func`3 accessTokenCallback)
   at Microsoft.Data.SqlClient.SqlConnectionFactory.CreateConnection(DbConnectionOptions options, DbConnectionPoolKey poolKey, DbConnectionPoolGroupProviderInfo poolGroupProviderInfo, IDbConnectionPool pool, DbConnection owningConnection, DbConnectionOptions userOptions)
   at Microsoft.Data.ProviderBase.DbConnectionFactory.CreatePooledConnection(IDbConnectionPool pool, DbConnection owningObject, DbConnectionOptions options, DbConnectionPoolKey poolKey, DbConnectionOptions userOptions)
   at Microsoft.Data.SqlClient.ConnectionPool.WaitHandleDbConnectionPool.CreateObject(DbConnection owningObject, DbConnectionOptions userOptions, DbConnectionInternal oldConnection)
   at Microsoft.Data.SqlClient.ConnectionPool.WaitHandleDbConnectionPool.UserCreateRequest(DbConnection owningObject, DbConnectionOptions userOptions, DbConnectionInternal oldConnection)
   at Microsoft.Data.SqlClient.ConnectionPool.WaitHandleDbConnectionPool.TryGetConnection(DbConnection owningObject, UInt32 waitForMultipleObjectsTimeout, Boolean allowCreate, Boolean onlyOneCheckConnection, DbConnectionOptions userOptions, DbConnectionInternal& connection)
   at Microsoft.Data.SqlClient.ConnectionPool.WaitHandleDbConnectionPool.WaitForPendingOpen()
--- End of stack trace from previous location ---
   at Microsoft.EntityFrameworkCore.Storage.RelationalConnection.OpenInternalAsync(Boolean errorsExpected, CancellationToken cancellationToken)
   at Microsoft.EntityFrameworkCore.Storage.RelationalConnection.OpenInternalAsync(Boolean errorsExpected, CancellationToken cancellationToken)
   at Microsoft.EntityFrameworkCore.Storage.RelationalConnection.OpenAsync(CancellationToken cancellationToken, Boolean errorsExpected)
   at Microsoft.EntityFrameworkCore.Storage.RelationalCommand.ExecuteReaderAsync(RelationalCommandParameterObject parameterObject, CancellationToken cancellationToken)
   at Microsoft.EntityFrameworkCore.Query.Internal.SingleQueryingEnumerable`1.AsyncEnumerator.InitializeReaderAsync(AsyncEnumerator enumerator, CancellationToken cancellationToken)
   at Microsoft.EntityFrameworkCore.Storage.ExecutionStrategy.<>c__DisplayClass30_0`2.<<ExecuteAsync>b__0>d.MoveNext()
--- End of stack trace from previous location ---
   at Microsoft.EntityFrameworkCore.Storage.ExecutionStrategy.ExecuteImplementationAsync[TState,TResult](Func`4 operation, Func`4 verifySucceeded, TState state, CancellationToken cancellationToken)
   at Microsoft.EntityFrameworkCore.Storage.ExecutionStrategy.ExecuteImplementationAsync[TState,TResult](Func`4 operation, Func`4 verifySucceeded, TState state, CancellationToken cancellationToken)
   at Microsoft.EntityFrameworkCore.Storage.ExecutionStrategy.ExecuteAsync[TState,TResult](TState state, Func`4 operation, Func`4 verifySucceeded, CancellationToken cancellationToken)
   at Microsoft.EntityFrameworkCore.Query.Internal.SingleQueryingEnumerable`1.AsyncEnumerator.MoveNextAsync()
ClientConnectionId:ad494bb7-3943-4052-8886-02deba217dae
Error Number:10022,State:0,Class:20
Microsoft.Data.SqlClient.SqlException (0x80131904): A connection was successfully established with the server, but then an error occurred during the pre-login handshake. (provider: TCP Provider, error: 35 - An internal exception was caught)
 ---> System.Net.Sockets.SocketException (22): Invalid argument
   at System.Net.Sockets.Socket.UpdateStatusAfterSocketErrorAndThrowException(SocketError error, Boolean disconnectOnFailure, String callerName)
   at System.Net.Sockets.Socket.UpdateStatusAfterSocketOptionErrorAndThrowException(SocketError error, String callerName)
   at Microsoft.Data.SqlClient.ManagedSni.SniTcpHandle.Receive(SniPacket& packet, Int32 timeoutInMilliseconds)
   at Microsoft.Data.SqlClient.SqlInternalConnection.OnError(SqlException exception, Boolean breakConnection, Action`1 wrapCloseInAction)
   at Microsoft.Data.SqlClient.TdsParser.ThrowExceptionAndWarning(TdsParserStateObject stateObj, SqlCommand command, Boolean callerHasConnectionLock, Boolean asyncClose)
   at Microsoft.Data.SqlClient.TdsParserStateObject.ThrowExceptionAndWarning(Boolean callerHasConnectionLock, Boolean asyncClose)
   at Microsoft.Data.SqlClient.TdsParserStateObject.ReadSniError(TdsParserStateObject stateObj, UInt32 error)
   at Microsoft.Data.SqlClient.TdsParserStateObject.ReadSniSyncOverAsync()
   at Microsoft.Data.SqlClient.TdsParserStateObject.TryReadNetworkPacket()
   at Microsoft.Data.SqlClient.TdsParser.ConsumePreLoginHandshake(SqlConnectionEncryptOption encrypt, Boolean trustServerCert, Boolean integratedSecurity, Boolean& marsCapable, Boolean& fedAuthRequired, Boolean tlsFirst, String serverCertificateFilename)
   at Microsoft.Data.SqlClient.TdsParser.Connect(ServerInfo serverInfo, SqlInternalConnectionTds connHandler, TimeoutTimer timeout, SqlConnectionString connectionOptions, Boolean withFailover)
   at Microsoft.Data.SqlClient.SqlInternalConnectionTds.AttemptOneLogin(ServerInfo serverInfo, String newPassword, SecureString newSecurePassword, TimeoutTimer timeout, Boolean withFailover)
   at Microsoft.Data.SqlClient.SqlInternalConnectionTds.LoginNoFailover(ServerInfo serverInfo, String newPassword, SecureString newSecurePassword, Boolean redirectedUserInstance, SqlConnectionString connectionOptions, SqlCredential credential, TimeoutTimer timeout)
   at Microsoft.Data.SqlClient.SqlInternalConnectionTds.OpenLoginEnlist(TimeoutTimer timeout, SqlConnectionString connectionOptions, SqlCredential credential, String newPassword, SecureString newSecurePassword, Boolean redirectedUserInstance)
   at Microsoft.Data.SqlClient.SqlInternalConnectionTds..ctor(DbConnectionPoolIdentity identity, SqlConnectionString connectionOptions, SqlCredential credential, Object providerInfo, String newPassword, SecureString newSecurePassword, Boolean redirectedUserInstance, SqlConnectionString userConnectionOptions, SessionData reconnectSessionData, Boolean applyTransientFaultHandling, String accessToken, IDbConnectionPool pool, Func`3 accessTokenCallback)
   at Microsoft.Data.SqlClient.SqlConnectionFactory.CreateConnection(DbConnectionOptions options, DbConnectionPoolKey poolKey, DbConnectionPoolGroupProviderInfo poolGroupProviderInfo, IDbConnectionPool pool, DbConnection owningConnection, DbConnectionOptions userOptions)
   at Microsoft.Data.ProviderBase.DbConnectionFactory.CreatePooledConnection(IDbConnectionPool pool, DbConnection owningObject, DbConnectionOptions options, DbConnectionPoolKey poolKey, DbConnectionOptions userOptions)
   at Microsoft.Data.SqlClient.ConnectionPool.WaitHandleDbConnectionPool.CreateObject(DbConnection owningObject, DbConnectionOptions userOptions, DbConnectionInternal oldConnection)
   at Microsoft.Data.SqlClient.ConnectionPool.WaitHandleDbConnectionPool.UserCreateRequest(DbConnection owningObject, DbConnectionOptions userOptions, DbConnectionInternal oldConnection)
   at Microsoft.Data.SqlClient.ConnectionPool.WaitHandleDbConnectionPool.TryGetConnection(DbConnection owningObject, UInt32 waitForMultipleObjectsTimeout, Boolean allowCreate, Boolean onlyOneCheckConnection, DbConnectionOptions userOptions, DbConnectionInternal& connection)
   at Microsoft.Data.SqlClient.ConnectionPool.WaitHandleDbConnectionPool.WaitForPendingOpen()
--- End of stack trace from previous location ---
   at Microsoft.EntityFrameworkCore.Storage.RelationalConnection.OpenInternalAsync(Boolean errorsExpected, CancellationToken cancellationToken)
   at Microsoft.EntityFrameworkCore.Storage.RelationalConnection.OpenInternalAsync(Boolean errorsExpected, CancellationToken cancellationToken)
   at Microsoft.EntityFrameworkCore.Storage.RelationalConnection.OpenAsync(CancellationToken cancellationToken, Boolean errorsExpected)
   at Microsoft.EntityFrameworkCore.Storage.RelationalCommand.ExecuteReaderAsync(RelationalCommandParameterObject parameterObject, CancellationToken cancellationToken)
   at Microsoft.EntityFrameworkCore.Query.Internal.SingleQueryingEnumerable`1.AsyncEnumerator.InitializeReaderAsync(AsyncEnumerator enumerator, CancellationToken cancellationToken)
   at Microsoft.EntityFrameworkCore.Storage.ExecutionStrategy.<>c__DisplayClass30_0`2.<<ExecuteAsync>b__0>d.MoveNext()
--- End of stack trace from previous location ---
   at Microsoft.EntityFrameworkCore.Storage.ExecutionStrategy.ExecuteImplementationAsync[TState,TResult](Func`4 operation, Func`4 verifySucceeded, TState state, CancellationToken cancellationToken)
   at Microsoft.EntityFrameworkCore.Storage.ExecutionStrategy.ExecuteImplementationAsync[TState,TResult](Func`4 operation, Func`4 verifySucceeded, TState state, CancellationToken cancellationToken)
   at Microsoft.EntityFrameworkCore.Storage.ExecutionStrategy.ExecuteAsync[TState,TResult](TState state, Func`4 operation, Func`4 verifySucceeded, CancellationToken cancellationToken)
   at Microsoft.EntityFrameworkCore.Query.Internal.SingleQueryingEnumerable`1.AsyncEnumerator.MoveNextAsync()
ClientConnectionId:ad494bb7-3943-4052-8886-02deba217dae
Error Number:10022,State:0,Class:20
2026-05-26 01:06:12.372 +03:00 [WRN] Entity 'Product' has a global query filter defined and is the required end of a relationship with the entity 'CartItem'. This may lead to unexpected results when the required entity is filtered out. Either configure the navigation as optional, or define matching query filters for both entities in the navigation. See https://go.microsoft.com/fwlink/?linkid=2131316 for more information.
2026-05-26 01:06:12.395 +03:00 [WRN] Entity 'Order' has a global query filter defined and is the required end of a relationship with the entity 'OrderItem'. This may lead to unexpected results when the required entity is filtered out. Either configure the navigation as optional, or define matching query filters for both entities in the navigation. See https://go.microsoft.com/fwlink/?linkid=2131316 for more information.
2026-05-26 01:06:12.395 +03:00 [WRN] Entity 'Order' has a global query filter defined and is the required end of a relationship with the entity 'Payment'. This may lead to unexpected results when the required entity is filtered out. Either configure the navigation as optional, or define matching query filters for both entities in the navigation. See https://go.microsoft.com/fwlink/?linkid=2131316 for more information.
2026-05-26 01:06:12.396 +03:00 [WRN] Entity 'Product' has a global query filter defined and is the required end of a relationship with the entity 'ProductImage'. This may lead to unexpected results when the required entity is filtered out. Either configure the navigation as optional, or define matching query filters for both entities in the navigation. See https://go.microsoft.com/fwlink/?linkid=2131316 for more information.
2026-05-26 01:06:12.836 +03:00 [INF] Executed DbCommand (63ms) [Parameters=[@normalizedName='?' (Size = 256)], CommandType='"Text"', CommandTimeout='30']
SELECT TOP(1) [r].[Id], [r].[ConcurrencyStamp], [r].[Name], [r].[NormalizedName]
FROM [Roles] AS [r]
WHERE [r].[NormalizedName] = @normalizedName
2026-05-26 01:06:12.857 +03:00 [INF] Executed DbCommand (4ms) [Parameters=[@normalizedName='?' (Size = 256)], CommandType='"Text"', CommandTimeout='30']
SELECT TOP(1) [r].[Id], [r].[ConcurrencyStamp], [r].[Name], [r].[NormalizedName]
FROM [Roles] AS [r]
WHERE [r].[NormalizedName] = @normalizedName
2026-05-26 01:06:12.954 +03:00 [INF] Executed DbCommand (28ms) [Parameters=[@p0='?' (DbType = Guid), @p1='?' (Size = 4000), @p2='?' (Size = 256), @p3='?' (Size = 256)], CommandType='"Text"', CommandTimeout='30']
SET IMPLICIT_TRANSACTIONS OFF;
SET NOCOUNT ON;
INSERT INTO [Roles] ([Id], [ConcurrencyStamp], [Name], [NormalizedName])
VALUES (@p0, @p1, @p2, @p3);
2026-05-26 01:06:12.960 +03:00 [INF] Role 'SuperAdmin' created
2026-05-26 01:06:13.007 +03:00 [INF] Executed DbCommand (47ms) [Parameters=[@normalizedName='?' (Size = 256)], CommandType='"Text"', CommandTimeout='30']
SELECT TOP(1) [r].[Id], [r].[ConcurrencyStamp], [r].[Name], [r].[NormalizedName]
FROM [Roles] AS [r]
WHERE [r].[NormalizedName] = @normalizedName
2026-05-26 01:06:13.009 +03:00 [INF] Executed DbCommand (1ms) [Parameters=[@normalizedName='?' (Size = 256)], CommandType='"Text"', CommandTimeout='30']
SELECT TOP(1) [r].[Id], [r].[ConcurrencyStamp], [r].[Name], [r].[NormalizedName]
FROM [Roles] AS [r]
WHERE [r].[NormalizedName] = @normalizedName
2026-05-26 01:06:13.014 +03:00 [INF] Executed DbCommand (3ms) [Parameters=[@p0='?' (DbType = Guid), @p1='?' (Size = 4000), @p2='?' (Size = 256), @p3='?' (Size = 256)], CommandType='"Text"', CommandTimeout='30']
SET IMPLICIT_TRANSACTIONS OFF;
SET NOCOUNT ON;
INSERT INTO [Roles] ([Id], [ConcurrencyStamp], [Name], [NormalizedName])
VALUES (@p0, @p1, @p2, @p3);
2026-05-26 01:06:13.014 +03:00 [INF] Role 'Admin' created
2026-05-26 01:06:13.016 +03:00 [INF] Executed DbCommand (1ms) [Parameters=[@normalizedName='?' (Size = 256)], CommandType='"Text"', CommandTimeout='30']
SELECT TOP(1) [r].[Id], [r].[ConcurrencyStamp], [r].[Name], [r].[NormalizedName]
FROM [Roles] AS [r]
WHERE [r].[NormalizedName] = @normalizedName
2026-05-26 01:06:13.017 +03:00 [INF] Executed DbCommand (1ms) [Parameters=[@normalizedName='?' (Size = 256)], CommandType='"Text"', CommandTimeout='30']
SELECT TOP(1) [r].[Id], [r].[ConcurrencyStamp], [r].[Name], [r].[NormalizedName]
FROM [Roles] AS [r]
WHERE [r].[NormalizedName] = @normalizedName
2026-05-26 01:06:13.019 +03:00 [INF] Executed DbCommand (2ms) [Parameters=[@p0='?' (DbType = Guid), @p1='?' (Size = 4000), @p2='?' (Size = 256), @p3='?' (Size = 256)], CommandType='"Text"', CommandTimeout='30']
SET IMPLICIT_TRANSACTIONS OFF;
SET NOCOUNT ON;
INSERT INTO [Roles] ([Id], [ConcurrencyStamp], [Name], [NormalizedName])
VALUES (@p0, @p1, @p2, @p3);
2026-05-26 01:06:13.020 +03:00 [INF] Role 'Vendor' created
2026-05-26 01:06:13.021 +03:00 [INF] Executed DbCommand (1ms) [Parameters=[@normalizedName='?' (Size = 256)], CommandType='"Text"', CommandTimeout='30']
SELECT TOP(1) [r].[Id], [r].[ConcurrencyStamp], [r].[Name], [r].[NormalizedName]
FROM [Roles] AS [r]
WHERE [r].[NormalizedName] = @normalizedName
2026-05-26 01:06:13.022 +03:00 [INF] Executed DbCommand (1ms) [Parameters=[@normalizedName='?' (Size = 256)], CommandType='"Text"', CommandTimeout='30']
SELECT TOP(1) [r].[Id], [r].[ConcurrencyStamp], [r].[Name], [r].[NormalizedName]
FROM [Roles] AS [r]
WHERE [r].[NormalizedName] = @normalizedName
2026-05-26 01:06:13.025 +03:00 [INF] Executed DbCommand (2ms) [Parameters=[@p0='?' (DbType = Guid), @p1='?' (Size = 4000), @p2='?' (Size = 256), @p3='?' (Size = 256)], CommandType='"Text"', CommandTimeout='30']
SET IMPLICIT_TRANSACTIONS OFF;
SET NOCOUNT ON;
INSERT INTO [Roles] ([Id], [ConcurrencyStamp], [Name], [NormalizedName])
VALUES (@p0, @p1, @p2, @p3);
2026-05-26 01:06:13.025 +03:00 [INF] Role 'Customer' created
2026-05-26 01:06:13.060 +03:00 [INF] User profile is available. Using '/Users/ositrade/.aspnet/DataProtection-Keys' as key repository; keys will not be encrypted at rest.
2026-05-26 01:06:13.087 +03:00 [INF] Now listening on: http://localhost:5149
2026-05-26 01:06:13.087 +03:00 [INF] Application started. Press Ctrl+C to shut down.
2026-05-26 01:06:13.087 +03:00 [INF] Hosting environment: Development
2026-05-26 01:06:13.087 +03:00 [INF] Content root path: /Users/ositrade/Desktop/E-Commerce Projects/ShopNest/src/ShopNest.API
2026-05-26 01:18:29.159 +03:00 [INF] Request starting HTTP/1.1 GET http://localhost:5149/ - null null
2026-05-26 01:18:29.182 +03:00 [WRN] Failed to determine the https port for redirect.
2026-05-26 01:18:29.202 +03:00 [INF] HTTP GET / responded 404 in 21.3566 ms
2026-05-26 01:18:29.206 +03:00 [INF] Request finished HTTP/1.1 GET http://localhost:5149/ - 404 0 null 49.1595ms
2026-05-26 01:18:29.207 +03:00 [INF] Request reached the end of the middleware pipeline without being handled by application code. Request path: GET http://localhost:5149/, Response status code: 404
2026-05-26 01:24:50.413 +03:00 [INF] Request starting HTTP/1.1 GET http://127.0.0.1:5149/ - null null
2026-05-26 01:24:50.431 +03:00 [INF] HTTP GET / responded 404 in 14.6132 ms
2026-05-26 01:24:50.436 +03:00 [INF] Request finished HTTP/1.1 GET http://127.0.0.1:5149/ - 404 0 null 23.8479ms
2026-05-26 01:24:50.437 +03:00 [INF] Request reached the end of the middleware pipeline without being handled by application code. Request path: GET http://127.0.0.1:5149/, Response status code: 404
2026-05-26 01:38:10.615 +03:00 [INF] Application is shutting down...
e matching query filters for both entities in the navigation. See https://go.microsoft.com/fwlink/?linkid=2131316 for more information.
2026-05-26 01:16:37.888 +03:00 [WRN] Entity 'Product' has a global query filter defined and is the required end of a relationship with the entity 'ProductImage'. This may lead to unexpected results when the required entity is filtered out. Either configure the navigation as optional, or define matching query filters for both entities in the navigation. See https://go.microsoft.com/fwlink/?linkid=2131316 for more information.
2026-05-26 01:16:38.343 +03:00 [INF] Executed DbCommand (29ms) [Parameters=[@normalizedName='?' (Size = 256)], CommandType='"Text"', CommandTimeout='30']
SELECT TOP(1) [r].[Id], [r].[ConcurrencyStamp], [r].[Name], [r].[NormalizedName]
FROM [Roles] AS [r]
WHERE [r].[NormalizedName] = @normalizedName
2026-05-26 01:16:38.414 +03:00 [INF] Executed DbCommand (3ms) [Parameters=[@normalizedName='?' (Size = 256)], CommandType='"Text"', CommandTimeout='30']
SELECT TOP(1) [r].[Id], [r].[ConcurrencyStamp], [r].[Name], [r].[NormalizedName]
FROM [Roles] AS [r]
WHERE [r].[NormalizedName] = @normalizedName
2026-05-26 01:16:38.417 +03:00 [INF] Executed DbCommand (2ms) [Parameters=[@normalizedName='?' (Size = 256)], CommandType='"Text"', CommandTimeout='30']
SELECT TOP(1) [r].[Id], [r].[ConcurrencyStamp], [r].[Name], [r].[NormalizedName]
FROM [Roles] AS [r]
WHERE [r].[NormalizedName] = @normalizedName
2026-05-26 01:16:38.419 +03:00 [INF] Executed DbCommand (2ms) [Parameters=[@normalizedName='?' (Size = 256)], CommandType='"Text"', CommandTimeout='30']
SELECT TOP(1) [r].[Id], [r].[ConcurrencyStamp], [r].[Name], [r].[NormalizedName]
FROM [Roles] AS [r]
WHERE [r].[NormalizedName] = @normalizedName
2026-05-26 01:16:38.455 +03:00 [INF] User profile is available. Using '/Users/ositrade/.aspnet/DataProtection-Keys' as key repository; keys will not be encrypted at rest.
2026-05-26 01:16:38.666 +03:00 [ERR] Hosting failed to start
System.IO.IOException: Failed to bind to address http://127.0.0.1:5149: address already in use.
 ---> Microsoft.AspNetCore.Connections.AddressInUseException: Address already in use
 ---> System.Net.Sockets.SocketException (48): Address already in use
   at System.Net.Sockets.Socket.UpdateStatusAfterSocketErrorAndThrowException(SocketError error, Boolean disconnectOnFailure, String callerName)
   at System.Net.Sockets.Socket.DoBind(EndPoint endPointSnapshot, SocketAddress socketAddress)
   at System.Net.Sockets.Socket.Bind(EndPoint localEP)
   at Microsoft.AspNetCore.Server.Kestrel.Transport.Sockets.SocketTransportOptions.CreateDefaultBoundListenSocket(EndPoint endpoint)
   at Microsoft.AspNetCore.Server.Kestrel.Transport.Sockets.SocketConnectionListener.Bind()
   --- End of inner exception stack trace ---
   at Microsoft.AspNetCore.Server.Kestrel.Transport.Sockets.SocketConnectionListener.Bind()
   at Microsoft.AspNetCore.Server.Kestrel.Transport.Sockets.SocketTransportFactory.BindAsync(EndPoint endpoint, CancellationToken cancellationToken)
   at Microsoft.AspNetCore.Server.Kestrel.Core.Internal.Infrastructure.TransportManager.BindAsync(EndPoint endPoint, ConnectionDelegate connectionDelegate, EndpointConfig endpointConfig, CancellationToken cancellationToken)
   at Microsoft.AspNetCore.Server.Kestrel.Core.KestrelServerImpl.<>c__DisplayClass28_0`1.<<StartAsync>g__OnBind|0>d.MoveNext()
--- End of stack trace from previous location ---
   at Microsoft.AspNetCore.Server.Kestrel.Core.Internal.AddressBinder.BindEndpointAsync(ListenOptions endpoint, AddressBindContext context, CancellationToken cancellationToken)
   --- End of inner exception stack trace ---
   at Microsoft.AspNetCore.Server.Kestrel.Core.Internal.AddressBinder.BindEndpointAsync(ListenOptions endpoint, AddressBindContext context, CancellationToken cancellationToken)
   at Microsoft.AspNetCore.Server.Kestrel.Core.LocalhostListenOptions.BindAsync(AddressBindContext context, CancellationToken cancellationToken)
   at Microsoft.AspNetCore.Server.Kestrel.Core.Internal.AddressBinder.AddressesStrategy.BindAsync(AddressBindContext context, CancellationToken cancellationToken)
   at Microsoft.AspNetCore.Server.Kestrel.Core.KestrelServerImpl.BindAsync(CancellationToken cancellationToken)
   at Microsoft.AspNetCore.Server.Kestrel.Core.KestrelServerImpl.StartAsync[TContext](IHttpApplication`1 application, CancellationToken cancellationToken)
   at Microsoft.AspNetCore.Hosting.GenericWebHostService.StartAsync(CancellationToken cancellationToken)
   at Microsoft.Extensions.Hosting.Internal.Host.<StartAsync>b__14_1(IHostedService service, CancellationToken token)
   at Microsoft.Extensions.Hosting.Internal.Host.ForeachService[T](IEnumerable`1 services, CancellationToken token, Boolean concurrent, Boolean abortOnFirstException, List`1 exceptions, Func`3 operation)
2026-05-26 01:24:22.593 +03:00 [WRN] Entity 'Product' has a global query filter defined and is the required end of a relationship with the entity 'CartItem'. This may lead to unexpected results when the required entity is filtered out. Either configure the navigation as optional, or define matching query filters for both entities in the navigation. See https://go.microsoft.com/fwlink/?linkid=2131316 for more information.
2026-05-26 01:24:22.627 +03:00 [WRN] Entity 'Order' has a global query filter defined and is the required end of a relationship with the entity 'OrderItem'. This may lead to unexpected results when the required entity is filtered out. Either configure the navigation as optional, or define matching query filters for both entities in the navigation. See https://go.microsoft.com/fwlink/?linkid=2131316 for more information.
2026-05-26 01:24:22.628 +03:00 [WRN] Entity 'Order' has a global query filter defined and is the required end of a relationship with the entity 'Payment'. This may lead to unexpected results when the required entity is filtered out. Either configure the navigation as optional, or define matching query filters for both entities in the navigation. See https://go.microsoft.com/fwlink/?linkid=2131316 for more information.
2026-05-26 01:24:22.628 +03:00 [WRN] Entity 'Product' has a global query filter defined and is the required end of a relationship with the entity 'ProductImage'. This may lead to unexpected results when the required entity is filtered out. Either configure the navigation as optional, or define matching query filters for both entities in the navigation. See https://go.microsoft.com/fwlink/?linkid=2131316 for more information.
2026-05-26 01:24:23.065 +03:00 [INF] Executed DbCommand (29ms) [Parameters=[@normalizedName='?' (Size = 256)], CommandType='"Text"', CommandTimeout='30']
SELECT TOP(1) [r].[Id], [r].[ConcurrencyStamp], [r].[Name], [r].[NormalizedName]
FROM [Roles] AS [r]
WHERE [r].[NormalizedName] = @normalizedName
2026-05-26 01:24:23.136 +03:00 [INF] Executed DbCommand (5ms) [Parameters=[@normalizedName='?' (Size = 256)], CommandType='"Text"', CommandTimeout='30']
SELECT TOP(1) [r].[Id], [r].[ConcurrencyStamp], [r].[Name], [r].[NormalizedName]
FROM [Roles] AS [r]
WHERE [r].[NormalizedName] = @normalizedName
2026-05-26 01:24:23.140 +03:00 [INF] Executed DbCommand (2ms) [Parameters=[@normalizedName='?' (Size = 256)], CommandType='"Text"', CommandTimeout='30']
SELECT TOP(1) [r].[Id], [r].[ConcurrencyStamp], [r].[Name], [r].[NormalizedName]
FROM [Roles] AS [r]
WHERE [r].[NormalizedName] = @normalizedName
2026-05-26 01:24:23.142 +03:00 [INF] Executed DbCommand (2ms) [Parameters=[@normalizedName='?' (Size = 256)], CommandType='"Text"', CommandTimeout='30']
SELECT TOP(1) [r].[Id], [r].[ConcurrencyStamp], [r].[Name], [r].[NormalizedName]
FROM [Roles] AS [r]
WHERE [r].[NormalizedName] = @normalizedName
2026-05-26 01:24:23.177 +03:00 [INF] User profile is available. Using '/Users/ositrade/.aspnet/DataProtection-Keys' as key repository; keys will not be encrypted at rest.
2026-05-26 01:24:23.357 +03:00 [ERR] Hosting failed to start
System.IO.IOException: Failed to bind to address http://127.0.0.1:5149: address already in use.
 ---> Microsoft.AspNetCore.Connections.AddressInUseException: Address already in use
 ---> System.Net.Sockets.SocketException (48): Address already in use
   at System.Net.Sockets.Socket.UpdateStatusAfterSocketErrorAndThrowException(SocketError error, Boolean disconnectOnFailure, String callerName)
   at System.Net.Sockets.Socket.DoBind(EndPoint endPointSnapshot, SocketAddress socketAddress)
   at System.Net.Sockets.Socket.Bind(EndPoint localEP)
   at Microsoft.AspNetCore.Server.Kestrel.Transport.Sockets.SocketTransportOptions.CreateDefaultBoundListenSocket(EndPoint endpoint)
   at Microsoft.AspNetCore.Server.Kestrel.Transport.Sockets.SocketConnectionListener.Bind()
   --- End of inner exception stack trace ---
   at Microsoft.AspNetCore.Server.Kestrel.Transport.Sockets.SocketConnectionListener.Bind()
   at Microsoft.AspNetCore.Server.Kestrel.Transport.Sockets.SocketTransportFactory.BindAsync(EndPoint endpoint, CancellationToken cancellationToken)
   at Microsoft.AspNetCore.Server.Kestrel.Core.Internal.Infrastructure.TransportManager.BindAsync(EndPoint endPoint, ConnectionDelegate connectionDelegate, EndpointConfig endpointConfig, CancellationToken cancellationToken)
   at Microsoft.AspNetCore.Server.Kestrel.Core.KestrelServerImpl.<>c__DisplayClass28_0`1.<<StartAsync>g__OnBind|0>d.MoveNext()
--- End of stack trace from previous location ---
   at Microsoft.AspNetCore.Server.Kestrel.Core.Internal.AddressBinder.BindEndpointAsync(ListenOptions endpoint, AddressBindContext context, CancellationToken cancellationToken)
   --- End of inner exception stack trace ---
   at Microsoft.AspNetCore.Server.Kestrel.Core.Internal.AddressBinder.BindEndpointAsync(ListenOptions endpoint, AddressBindContext context, CancellationToken cancellationToken)
   at Microsoft.AspNetCore.Server.Kestrel.Core.LocalhostListenOptions.BindAsync(AddressBindContext context, CancellationToken cancellationToken)
   at Microsoft.AspNetCore.Server.Kestrel.Core.Internal.AddressBinder.AddressesStrategy.BindAsync(AddressBindContext context, CancellationToken cancellationToken)
   at Microsoft.AspNetCore.Server.Kestrel.Core.KestrelServerImpl.BindAsync(CancellationToken cancellationToken)
   at Microsoft.AspNetCore.Server.Kestrel.Core.KestrelServerImpl.StartAsync[TContext](IHttpApplication`1 application, CancellationToken cancellationToken)
   at Microsoft.AspNetCore.Hosting.GenericWebHostService.StartAsync(CancellationToken cancellationToken)
   at Microsoft.Extensions.Hosting.Internal.Host.<StartAsync>b__14_1(IHostedService service, CancellationToken token)
   at Microsoft.Extensions.Hosting.Internal.Host.ForeachService[T](IEnumerable`1 services, CancellationToken token, Boolean concurrent, Boolean abortOnFirstException, List`1 exceptions, Func`3 operation)
2026-05-26 01:24:43.788 +03:00 [WRN] Entity 'Product' has a global query filter defined and is the required end of a relationship with the entity 'CartItem'. This may lead to unexpected results when the required entity is filtered out. Either configure the navigation as optional, or define matching query filters for both entities in the navigation. See https://go.microsoft.com/fwlink/?linkid=2131316 for more information.
2026-05-26 01:24:43.818 +03:00 [WRN] Entity 'Order' has a global query filter defined and is the required end of a relationship with the entity 'OrderItem'. This may lead to unexpected results when the required entity is filtered out. Either configure the navigation as optional, or define matching query filters for both entities in the navigation. See https://go.microsoft.com/fwlink/?linkid=2131316 for more information.
2026-05-26 01:24:43.818 +03:00 [WRN] Entity 'Order' has a global query filter defined and is the required end of a relationship with the entity 'Payment'. This may lead to unexpected results when the required entity is filtered out. Either configure the navigation as optional, or define matching query filters for both entities in the navigation. See https://go.microsoft.com/fwlink/?linkid=2131316 for more information.
2026-05-26 01:24:43.818 +03:00 [WRN] Entity 'Product' has a global query filter defined and is the required end of a relationship with the entity 'ProductImage'. This may lead to unexpected results when the required entity is filtered out. Either configure the navigation as optional, or define matching query filters for both entities in the navigation. See https://go.microsoft.com/fwlink/?linkid=2131316 for more information.
2026-05-26 01:24:44.234 +03:00 [INF] Executed DbCommand (26ms) [Parameters=[@normalizedName='?' (Size = 256)], CommandType='"Text"', CommandTimeout='30']
SELECT TOP(1) [r].[Id], [r].[ConcurrencyStamp], [r].[Name], [r].[NormalizedName]
FROM [Roles] AS [r]
WHERE [r].[NormalizedName] = @normalizedName
2026-05-26 01:24:44.304 +03:00 [INF] Executed DbCommand (5ms) [Parameters=[@normalizedName='?' (Size = 256)], CommandType='"Text"', CommandTimeout='30']
SELECT TOP(1) [r].[Id], [r].[ConcurrencyStamp], [r].[Name], [r].[NormalizedName]
FROM [Roles] AS [r]
WHERE [r].[NormalizedName] = @normalizedName
2026-05-26 01:24:44.306 +03:00 [INF] Executed DbCommand (2ms) [Parameters=[@normalizedName='?' (Size = 256)], CommandType='"Text"', CommandTimeout='30']
SELECT TOP(1) [r].[Id], [r].[ConcurrencyStamp], [r].[Name], [r].[NormalizedName]
FROM [Roles] AS [r]
WHERE [r].[NormalizedName] = @normalizedName
2026-05-26 01:24:44.308 +03:00 [INF] Executed DbCommand (2ms) [Parameters=[@normalizedName='?' (Size = 256)], CommandType='"Text"', CommandTimeout='30']
SELECT TOP(1) [r].[Id], [r].[ConcurrencyStamp], [r].[Name], [r].[NormalizedName]
FROM [Roles] AS [r]
WHERE [r].[NormalizedName] = @normalizedName
2026-05-26 01:24:44.343 +03:00 [INF] User profile is available. Using '/Users/ositrade/.aspnet/DataProtection-Keys' as key repository; keys will not be encrypted at rest.
2026-05-26 01:24:44.506 +03:00 [ERR] Hosting failed to start
System.IO.IOException: Failed to bind to address http://127.0.0.1:5149: address already in use.
 ---> Microsoft.AspNetCore.Connections.AddressInUseException: Address already in use
 ---> System.Net.Sockets.SocketException (48): Address already in use
   at System.Net.Sockets.Socket.UpdateStatusAfterSocketErrorAndThrowException(SocketError error, Boolean disconnectOnFailure, String callerName)
   at System.Net.Sockets.Socket.DoBind(EndPoint endPointSnapshot, SocketAddress socketAddress)
   at System.Net.Sockets.Socket.Bind(EndPoint localEP)
   at Microsoft.AspNetCore.Server.Kestrel.Transport.Sockets.SocketTransportOptions.CreateDefaultBoundListenSocket(EndPoint endpoint)
   at Microsoft.AspNetCore.Server.Kestrel.Transport.Sockets.SocketConnectionListener.Bind()
   --- End of inner exception stack trace ---
   at Microsoft.AspNetCore.Server.Kestrel.Transport.Sockets.SocketConnectionListener.Bind()
   at Microsoft.AspNetCore.Server.Kestrel.Transport.Sockets.SocketTransportFactory.BindAsync(EndPoint endpoint, CancellationToken cancellationToken)
   at Microsoft.AspNetCore.Server.Kestrel.Core.Internal.Infrastructure.TransportManager.BindAsync(EndPoint endPoint, ConnectionDelegate connectionDelegate, EndpointConfig endpointConfig, CancellationToken cancellationToken)
   at Microsoft.AspNetCore.Server.Kestrel.Core.KestrelServerImpl.<>c__DisplayClass28_0`1.<<StartAsync>g__OnBind|0>d.MoveNext()
--- End of stack trace from previous location ---
   at Microsoft.AspNetCore.Server.Kestrel.Core.Internal.AddressBinder.BindEndpointAsync(ListenOptions endpoint, AddressBindContext context, CancellationToken cancellationToken)
   --- End of inner exception stack trace ---
   at Microsoft.AspNetCore.Server.Kestrel.Core.Internal.AddressBinder.BindEndpointAsync(ListenOptions endpoint, AddressBindContext context, CancellationToken cancellationToken)
   at Microsoft.AspNetCore.Server.Kestrel.Core.LocalhostListenOptions.BindAsync(AddressBindContext context, CancellationToken cancellationToken)
   at Microsoft.AspNetCore.Server.Kestrel.Core.Internal.AddressBinder.AddressesStrategy.BindAsync(AddressBindContext context, CancellationToken cancellationToken)
   at Microsoft.AspNetCore.Server.Kestrel.Core.KestrelServerImpl.BindAsync(CancellationToken cancellationToken)
   at Microsoft.AspNetCore.Server.Kestrel.Core.KestrelServerImpl.StartAsync[TContext](IHttpApplication`1 application, CancellationToken cancellationToken)
   at Microsoft.AspNetCore.Hosting.GenericWebHostService.StartAsync(CancellationToken cancellationToken)
   at Microsoft.Extensions.Hosting.Internal.Host.<StartAsync>b__14_1(IHostedService service, CancellationToken token)
   at Microsoft.Extensions.Hosting.Internal.Host.ForeachService[T](IEnumerable`1 services, CancellationToken token, Boolean concurrent, Boolean abortOnFirstException, List`1 exceptions, Func`3 operation)
2026-05-26 01:25:55.851 +03:00 [WRN] Entity 'Product' has a global query filter defined and is the required end of a relationship with the entity 'CartItem'. This may lead to unexpected results when the required entity is filtered out. Either configure the navigation as optional, or define matching query filters for both entities in the navigation. See https://go.microsoft.com/fwlink/?linkid=2131316 for more information.
2026-05-26 01:25:55.882 +03:00 [WRN] Entity 'Order' has a global query filter defined and is the required end of a relationship with the entity 'OrderItem'. This may lead to unexpected results when the required entity is filtered out. Either configure the navigation as optional, or define matching query filters for both entities in the navigation. See https://go.microsoft.com/fwlink/?linkid=2131316 for more information.
2026-05-26 01:25:55.882 +03:00 [WRN] Entity 'Order' has a global query filter defined and is the required end of a relationship with the entity 'Payment'. This may lead to unexpected results when the required entity is filtered out. Either configure the navigation as optional, or define matching query filters for both entities in the navigation. See https://go.microsoft.com/fwlink/?linkid=2131316 for more information.
2026-05-26 01:25:55.882 +03:00 [WRN] Entity 'Product' has a global query filter defined and is the required end of a relationship with the entity 'ProductImage'. This may lead to unexpected results when the required entity is filtered out. Either configure the navigation as optional, or define matching query filters for both entities in the navigation. See https://go.microsoft.com/fwlink/?linkid=2131316 for more information.
2026-05-26 01:25:56.335 +03:00 [INF] Executed DbCommand (31ms) [Parameters=[@normalizedName='?' (Size = 256)], CommandType='"Text"', CommandTimeout='30']
SELECT TOP(1) [r].[Id], [r].[ConcurrencyStamp], [r].[Name], [r].[NormalizedName]
FROM [Roles] AS [r]
WHERE [r].[NormalizedName] = @normalizedName
2026-05-26 01:25:56.405 +03:00 [INF] Executed DbCommand (4ms) [Parameters=[@normalizedName='?' (Size = 256)], CommandType='"Text"', CommandTimeout='30']
SELECT TOP(1) [r].[Id], [r].[ConcurrencyStamp], [r].[Name], [r].[NormalizedName]
FROM [Roles] AS [r]
WHERE [r].[NormalizedName] = @normalizedName
2026-05-26 01:25:56.407 +03:00 [INF] Executed DbCommand (2ms) [Parameters=[@normalizedName='?' (Size = 256)], CommandType='"Text"', CommandTimeout='30']
SELECT TOP(1) [r].[Id], [r].[ConcurrencyStamp], [r].[Name], [r].[NormalizedName]
FROM [Roles] AS [r]
WHERE [r].[NormalizedName] = @normalizedName
2026-05-26 01:25:56.410 +03:00 [INF] Executed DbCommand (2ms) [Parameters=[@normalizedName='?' (Size = 256)], CommandType='"Text"', CommandTimeout='30']
SELECT TOP(1) [r].[Id], [r].[ConcurrencyStamp], [r].[Name], [r].[NormalizedName]
FROM [Roles] AS [r]
WHERE [r].[NormalizedName] = @normalizedName
2026-05-26 01:25:56.445 +03:00 [INF] User profile is available. Using '/Users/ositrade/.aspnet/DataProtection-Keys' as key repository; keys will not be encrypted at rest.
2026-05-26 01:25:56.686 +03:00 [ERR] Hosting failed to start
System.IO.IOException: Failed to bind to address http://127.0.0.1:5149: address already in use.
 ---> Microsoft.AspNetCore.Connections.AddressInUseException: Address already in use
 ---> System.Net.Sockets.SocketException (48): Address already in use
   at System.Net.Sockets.Socket.UpdateStatusAfterSocketErrorAndThrowException(SocketError error, Boolean disconnectOnFailure, String callerName)
   at System.Net.Sockets.Socket.DoBind(EndPoint endPointSnapshot, SocketAddress socketAddress)
   at System.Net.Sockets.Socket.Bind(EndPoint localEP)
   at Microsoft.AspNetCore.Server.Kestrel.Transport.Sockets.SocketTransportOptions.CreateDefaultBoundListenSocket(EndPoint endpoint)
   at Microsoft.AspNetCore.Server.Kestrel.Transport.Sockets.SocketConnectionListener.Bind()
   --- End of inner exception stack trace ---
   at Microsoft.AspNetCore.Server.Kestrel.Transport.Sockets.SocketConnectionListener.Bind()
   at Microsoft.AspNetCore.Server.Kestrel.Transport.Sockets.SocketTransportFactory.BindAsync(EndPoint endpoint, CancellationToken cancellationToken)
   at Microsoft.AspNetCore.Server.Kestrel.Core.Internal.Infrastructure.TransportManager.BindAsync(EndPoint endPoint, ConnectionDelegate connectionDelegate, EndpointConfig endpointConfig, CancellationToken cancellationToken)
   at Microsoft.AspNetCore.Server.Kestrel.Core.KestrelServerImpl.<>c__DisplayClass28_0`1.<<StartAsync>g__OnBind|0>d.MoveNext()
--- End of stack trace from previous location ---
   at Microsoft.AspNetCore.Server.Kestrel.Core.Internal.AddressBinder.BindEndpointAsync(ListenOptions endpoint, AddressBindContext context, CancellationToken cancellationToken)
   --- End of inner exception stack trace ---
   at Microsoft.AspNetCore.Server.Kestrel.Core.Internal.AddressBinder.BindEndpointAsync(ListenOptions endpoint, AddressBindContext context, CancellationToken cancellationToken)
   at Microsoft.AspNetCore.Server.Kestrel.Core.LocalhostListenOptions.BindAsync(AddressBindContext context, CancellationToken cancellationToken)
   at Microsoft.AspNetCore.Server.Kestrel.Core.Internal.AddressBinder.AddressesStrategy.BindAsync(AddressBindContext context, CancellationToken cancellationToken)
   at Microsoft.AspNetCore.Server.Kestrel.Core.KestrelServerImpl.BindAsync(CancellationToken cancellationToken)
   at Microsoft.AspNetCore.Server.Kestrel.Core.KestrelServerImpl.StartAsync[TContext](IHttpApplication`1 application, CancellationToken cancellationToken)
   at Microsoft.AspNetCore.Hosting.GenericWebHostService.StartAsync(CancellationToken cancellationToken)
   at Microsoft.Extensions.Hosting.Internal.Host.<StartAsync>b__14_1(IHostedService service, CancellationToken token)
   at Microsoft.Extensions.Hosting.Internal.Host.ForeachService[T](IEnumerable`1 services, CancellationToken token, Boolean concurrent, Boolean abortOnFirstException, List`1 exceptions, Func`3 operation)
2026-05-26 01:27:11.722 +03:00 [WRN] Entity 'Product' has a global query filter defined and is the required end of a relationship with the entity 'CartItem'. This may lead to unexpected results when the required entity is filtered out. Either configure the navigation as optional, or define matching query filters for both entities in the navigation. See https://go.microsoft.com/fwlink/?linkid=2131316 for more information.
2026-05-26 01:27:11.754 +03:00 [WRN] Entity 'Order' has a global query filter defined and is the required end of a relationship with the entity 'OrderItem'. This may lead to unexpected results when the required entity is filtered out. Either configure the navigation as optional, or define matching query filters for both entities in the navigation. See https://go.microsoft.com/fwlink/?linkid=2131316 for more information.
2026-05-26 01:27:11.754 +03:00 [WRN] Entity 'Order' has a global query filter defined and is the required end of a relationship with the entity 'Payment'. This may lead to unexpected results when the required entity is filtered out. Either configure the navigation as optional, or define matching query filters for both entities in the navigation. See https://go.microsoft.com/fwlink/?linkid=2131316 for more information.
2026-05-26 01:27:11.754 +03:00 [WRN] Entity 'Product' has a global query filter defined and is the required end of a relationship with the entity 'ProductImage'. This may lead to unexpected results when the required entity is filtered out. Either configure the navigation as optional, or define matching query filters for both entities in the navigation. See https://go.microsoft.com/fwlink/?linkid=2131316 for more information.
2026-05-26 01:27:12.307 +03:00 [INF] Executed DbCommand (122ms) [Parameters=[@normalizedName='?' (Size = 256)], CommandType='"Text"', CommandTimeout='30']
SELECT TOP(1) [r].[Id], [r].[ConcurrencyStamp], [r].[Name], [r].[NormalizedName]
FROM [Roles] AS [r]
WHERE [r].[NormalizedName] = @normalizedName
2026-05-26 01:27:12.375 +03:00 [INF] Executed DbCommand (4ms) [Parameters=[@normalizedName='?' (Size = 256)], CommandType='"Text"', CommandTimeout='30']
SELECT TOP(1) [r].[Id], [r].[ConcurrencyStamp], [r].[Name], [r].[NormalizedName]
FROM [Roles] AS [r]
WHERE [r].[NormalizedName] = @normalizedName
2026-05-26 01:27:12.377 +03:00 [INF] Executed DbCommand (1ms) [Parameters=[@normalizedName='?' (Size = 256)], CommandType='"Text"', CommandTimeout='30']
SELECT TOP(1) [r].[Id], [r].[ConcurrencyStamp], [r].[Name], [r].[NormalizedName]
FROM [Roles] AS [r]
WHERE [r].[NormalizedName] = @normalizedName
2026-05-26 01:27:12.378 +03:00 [INF] Executed DbCommand (1ms) [Parameters=[@normalizedName='?' (Size = 256)], CommandType='"Text"', CommandTimeout='30']
SELECT TOP(1) [r].[Id], [r].[ConcurrencyStamp], [r].[Name], [r].[NormalizedName]
FROM [Roles] AS [r]
WHERE [r].[NormalizedName] = @normalizedName
2026-05-26 01:27:12.413 +03:00 [INF] User profile is available. Using '/Users/ositrade/.aspnet/DataProtection-Keys' as key repository; keys will not be encrypted at rest.
2026-05-26 01:27:12.671 +03:00 [ERR] Hosting failed to start
System.IO.IOException: Failed to bind to address http://127.0.0.1:5149: address already in use.
 ---> Microsoft.AspNetCore.Connections.AddressInUseException: Address already in use
 ---> System.Net.Sockets.SocketException (48): Address already in use
   at System.Net.Sockets.Socket.UpdateStatusAfterSocketErrorAndThrowException(SocketError error, Boolean disconnectOnFailure, String callerName)
   at System.Net.Sockets.Socket.DoBind(EndPoint endPointSnapshot, SocketAddress socketAddress)
   at System.Net.Sockets.Socket.Bind(EndPoint localEP)
   at Microsoft.AspNetCore.Server.Kestrel.Transport.Sockets.SocketTransportOptions.CreateDefaultBoundListenSocket(EndPoint endpoint)
   at Microsoft.AspNetCore.Server.Kestrel.Transport.Sockets.SocketConnectionListener.Bind()
   --- End of inner exception stack trace ---
   at Microsoft.AspNetCore.Server.Kestrel.Transport.Sockets.SocketConnectionListener.Bind()
   at Microsoft.AspNetCore.Server.Kestrel.Transport.Sockets.SocketTransportFactory.BindAsync(EndPoint endpoint, CancellationToken cancellationToken)
   at Microsoft.AspNetCore.Server.Kestrel.Core.Internal.Infrastructure.TransportManager.BindAsync(EndPoint endPoint, ConnectionDelegate connectionDelegate, EndpointConfig endpointConfig, CancellationToken cancellationToken)
   at Microsoft.AspNetCore.Server.Kestrel.Core.KestrelServerImpl.<>c__DisplayClass28_0`1.<<StartAsync>g__OnBind|0>d.MoveNext()
--- End of stack trace from previous location ---
   at Microsoft.AspNetCore.Server.Kestrel.Core.Internal.AddressBinder.BindEndpointAsync(ListenOptions endpoint, AddressBindContext context, CancellationToken cancellationToken)
   --- End of inner exception stack trace ---
   at Microsoft.AspNetCore.Server.Kestrel.Core.Internal.AddressBinder.BindEndpointAsync(ListenOptions endpoint, AddressBindContext context, CancellationToken cancellationToken)
   at Microsoft.AspNetCore.Server.Kestrel.Core.LocalhostListenOptions.BindAsync(AddressBindContext context, CancellationToken cancellationToken)
   at Microsoft.AspNetCore.Server.Kestrel.Core.Internal.AddressBinder.AddressesStrategy.BindAsync(AddressBindContext context, CancellationToken cancellationToken)
   at Microsoft.AspNetCore.Server.Kestrel.Core.KestrelServerImpl.BindAsync(CancellationToken cancellationToken)
   at Microsoft.AspNetCore.Server.Kestrel.Core.KestrelServerImpl.StartAsync[TContext](IHttpApplication`1 application, CancellationToken cancellationToken)
   at Microsoft.AspNetCore.Hosting.GenericWebHostService.StartAsync(CancellationToken cancellationToken)
   at Microsoft.Extensions.Hosting.Internal.Host.<StartAsync>b__14_1(IHostedService service, CancellationToken token)
   at Microsoft.Extensions.Hosting.Internal.Host.ForeachService[T](IEnumerable`1 services, CancellationToken token, Boolean concurrent, Boolean abortOnFirstException, List`1 exceptions, Func`3 operation)
2026-05-26 01:27:43.630 +03:00 [WRN] Entity 'Product' has a global query filter defined and is the required end of a relationship with the entity 'CartItem'. This may lead to unexpected results when the required entity is filtered out. Either configure the navigation as optional, or define matching query filters for both entities in the navigation. See https://go.microsoft.com/fwlink/?linkid=2131316 for more information.
2026-05-26 01:27:43.661 +03:00 [WRN] Entity 'Order' has a global query filter defined and is the required end of a relationship with the entity 'OrderItem'. This may lead to unexpected results when the required entity is filtered out. Either configure the navigation as optional, or define matching query filters for both entities in the navigation. See https://go.microsoft.com/fwlink/?linkid=2131316 for more information.
2026-05-26 01:27:43.661 +03:00 [WRN] Entity 'Order' has a global query filter defined and is the required end of a relationship with the entity 'Payment'. This may lead to unexpected results when the required entity is filtered out. Either configure the navigation as optional, or define matching query filters for both entities in the navigation. See https://go.microsoft.com/fwlink/?linkid=2131316 for more information.
2026-05-26 01:27:43.661 +03:00 [WRN] Entity 'Product' has a global query filter defined and is the required end of a relationship with the entity 'ProductImage'. This may lead to unexpected results when the required entity is filtered out. Either configure the navigation as optional, or define matching query filters for both entities in the navigation. See https://go.microsoft.com/fwlink/?linkid=2131316 for more information.
2026-05-26 01:28:29.657 +03:00 [WRN] Entity 'Product' has a global query filter defined and is the required end of a relationship with the entity 'CartItem'. This may lead to unexpected results when the required entity is filtered out. Either configure the navigation as optional, or define matching query filters for both entities in the navigation. See https://go.microsoft.com/fwlink/?linkid=2131316 for more information.
2026-05-26 01:28:29.690 +03:00 [WRN] Entity 'Order' has a global query filter defined and is the required end of a relationship with the entity 'OrderItem'. This may lead to unexpected results when the required entity is filtered out. Either configure the navigation as optional, or define matching query filters for both entities in the navigation. See https://go.microsoft.com/fwlink/?linkid=2131316 for more information.
2026-05-26 01:28:29.690 +03:00 [WRN] Entity 'Order' has a global query filter defined and is the required end of a relationship with the entity 'Payment'. This may lead to unexpected results when the required entity is filtered out. Either configure the navigation as optional, or define matching query filters for both entities in the navigation. See https://go.microsoft.com/fwlink/?linkid=2131316 for more information.
2026-05-26 01:28:29.690 +03:00 [WRN] Entity 'Product' has a global query filter defined and is the required end of a relationship with the entity 'ProductImage'. This may lead to unexpected results when the required entity is filtered out. Either configure the navigation as optional, or define matching query filters for both entities in the navigation. See https://go.microsoft.com/fwlink/?linkid=2131316 for more information.
2026-05-26 01:28:30.211 +03:00 [INF] Executed DbCommand (93ms) [Parameters=[@normalizedName='?' (Size = 256)], CommandType='"Text"', CommandTimeout='30']
SELECT TOP(1) [r].[Id], [r].[ConcurrencyStamp], [r].[Name], [r].[NormalizedName]
FROM [Roles] AS [r]
WHERE [r].[NormalizedName] = @normalizedName
2026-05-26 01:28:30.279 +03:00 [INF] Executed DbCommand (4ms) [Parameters=[@normalizedName='?' (Size = 256)], CommandType='"Text"', CommandTimeout='30']
SELECT TOP(1) [r].[Id], [r].[ConcurrencyStamp], [r].[Name], [r].[NormalizedName]
FROM [Roles] AS [r]
WHERE [r].[NormalizedName] = @normalizedName
2026-05-26 01:28:30.281 +03:00 [INF] Executed DbCommand (1ms) [Parameters=[@normalizedName='?' (Size = 256)], CommandType='"Text"', CommandTimeout='30']
SELECT TOP(1) [r].[Id], [r].[ConcurrencyStamp], [r].[Name], [r].[NormalizedName]
FROM [Roles] AS [r]
WHERE [r].[NormalizedName] = @normalizedName
2026-05-26 01:28:30.282 +03:00 [INF] Executed DbCommand (1ms) [Parameters=[@normalizedName='?' (Size = 256)], CommandType='"Text"', CommandTimeout='30']
SELECT TOP(1) [r].[Id], [r].[ConcurrencyStamp], [r].[Name], [r].[NormalizedName]
FROM [Roles] AS [r]
WHERE [r].[NormalizedName] = @normalizedName
2026-05-26 01:28:30.323 +03:00 [INF] User profile is available. Using '/Users/ositrade/.aspnet/DataProtection-Keys' as key repository; keys will not be encrypted at rest.
2026-05-26 01:28:30.576 +03:00 [ERR] Hosting failed to start
System.IO.IOException: Failed to bind to address http://127.0.0.1:5149: address already in use.
 ---> Microsoft.AspNetCore.Connections.AddressInUseException: Address already in use
 ---> System.Net.Sockets.SocketException (48): Address already in use
   at System.Net.Sockets.Socket.UpdateStatusAfterSocketErrorAndThrowException(SocketError error, Boolean disconnectOnFailure, String callerName)
   at System.Net.Sockets.Socket.DoBind(EndPoint endPointSnapshot, SocketAddress socketAddress)
   at System.Net.Sockets.Socket.Bind(EndPoint localEP)
   at Microsoft.AspNetCore.Server.Kestrel.Transport.Sockets.SocketTransportOptions.CreateDefaultBoundListenSocket(EndPoint endpoint)
   at Microsoft.AspNetCore.Server.Kestrel.Transport.Sockets.SocketConnectionListener.Bind()
   --- End of inner exception stack trace ---
   at Microsoft.AspNetCore.Server.Kestrel.Transport.Sockets.SocketConnectionListener.Bind()
   at Microsoft.AspNetCore.Server.Kestrel.Transport.Sockets.SocketTransportFactory.BindAsync(EndPoint endpoint, CancellationToken cancellationToken)
   at Microsoft.AspNetCore.Server.Kestrel.Core.Internal.Infrastructure.TransportManager.BindAsync(EndPoint endPoint, ConnectionDelegate connectionDelegate, EndpointConfig endpointConfig, CancellationToken cancellationToken)
   at Microsoft.AspNetCore.Server.Kestrel.Core.KestrelServerImpl.<>c__DisplayClass28_0`1.<<StartAsync>g__OnBind|0>d.MoveNext()
--- End of stack trace from previous location ---
   at Microsoft.AspNetCore.Server.Kestrel.Core.Internal.AddressBinder.BindEndpointAsync(ListenOptions endpoint, AddressBindContext context, CancellationToken cancellationToken)
   --- End of inner exception stack trace ---
   at Microsoft.AspNetCore.Server.Kestrel.Core.Internal.AddressBinder.BindEndpointAsync(ListenOptions endpoint, AddressBindContext context, CancellationToken cancellationToken)
   at Microsoft.AspNetCore.Server.Kestrel.Core.LocalhostListenOptions.BindAsync(AddressBindContext context, CancellationToken cancellationToken)
   at Microsoft.AspNetCore.Server.Kestrel.Core.Internal.AddressBinder.AddressesStrategy.BindAsync(AddressBindContext context, CancellationToken cancellationToken)
   at Microsoft.AspNetCore.Server.Kestrel.Core.KestrelServerImpl.BindAsync(CancellationToken cancellationToken)
   at Microsoft.AspNetCore.Server.Kestrel.Core.KestrelServerImpl.StartAsync[TContext](IHttpApplication`1 application, CancellationToken cancellationToken)
   at Microsoft.AspNetCore.Hosting.GenericWebHostService.StartAsync(CancellationToken cancellationToken)
   at Microsoft.Extensions.Hosting.Internal.Host.<StartAsync>b__14_1(IHostedService service, CancellationToken token)
   at Microsoft.Extensions.Hosting.Internal.Host.ForeachService[T](IEnumerable`1 services, CancellationToken token, Boolean concurrent, Boolean abortOnFirstException, List`1 exceptions, Func`3 operation)
2026-05-26 01:32:18.044 +03:00 [WRN] Entity 'Product' has a global query filter defined and is the required end of a relationship with the entity 'CartItem'. This may lead to unexpected results when the required entity is filtered out. Either configure the navigation as optional, or define matching query filters for both entities in the navigation. See https://go.microsoft.com/fwlink/?linkid=2131316 for more information.
2026-05-26 01:32:18.068 +03:00 [WRN] Entity 'Order' has a global query filter defined and is the required end of a relationship with the entity 'OrderItem'. This may lead to unexpected results when the required entity is filtered out. Either configure the navigation as optional, or define matching query filters for both entities in the navigation. See https://go.microsoft.com/fwlink/?linkid=2131316 for more information.
2026-05-26 01:32:18.068 +03:00 [WRN] Entity 'Order' has a global query filter defined and is the required end of a relationship with the entity 'Payment'. This may lead to unexpected results when the required entity is filtered out. Either configure the navigation as optional, or define matching query filters for both entities in the navigation. See https://go.microsoft.com/fwlink/?linkid=2131316 for more information.
2026-05-26 01:32:18.068 +03:00 [WRN] Entity 'Product' has a global query filter defined and is the required end of a relationship with the entity 'ProductImage'. This may lead to unexpected results when the required entity is filtered out. Either configure the navigation as optional, or define matching query filters for both entities in the navigation. See https://go.microsoft.com/fwlink/?linkid=2131316 for more information.
2026-05-26 01:32:18.421 +03:00 [INF] Executed DbCommand (22ms) [Parameters=[@normalizedName='?' (Size = 256)], CommandType='"Text"', CommandTimeout='30']
SELECT TOP(1) [r].[Id], [r].[ConcurrencyStamp], [r].[Name], [r].[NormalizedName]
FROM [Roles] AS [r]
WHERE [r].[NormalizedName] = @normalizedName
2026-05-26 01:32:18.463 +03:00 [INF] Executed DbCommand (4ms) [Parameters=[@normalizedName='?' (Size = 256)], CommandType='"Text"', CommandTimeout='30']
SELECT TOP(1) [r].[Id], [r].[ConcurrencyStamp], [r].[Name], [r].[NormalizedName]
FROM [Roles] AS [r]
WHERE [r].[NormalizedName] = @normalizedName
2026-05-26 01:32:18.465 +03:00 [INF] Executed DbCommand (2ms) [Parameters=[@normalizedName='?' (Size = 256)], CommandType='"Text"', CommandTimeout='30']
SELECT TOP(1) [r].[Id], [r].[ConcurrencyStamp], [r].[Name], [r].[NormalizedName]
FROM [Roles] AS [r]
WHERE [r].[NormalizedName] = @normalizedName
2026-05-26 01:32:18.467 +03:00 [INF] Executed DbCommand (1ms) [Parameters=[@normalizedName='?' (Size = 256)], CommandType='"Text"', CommandTimeout='30']
SELECT TOP(1) [r].[Id], [r].[ConcurrencyStamp], [r].[Name], [r].[NormalizedName]
FROM [Roles] AS [r]
WHERE [r].[NormalizedName] = @normalizedName
2026-05-26 01:32:18.495 +03:00 [INF] User profile is available. Using '/Users/ositrade/.aspnet/DataProtection-Keys' as key repository; keys will not be encrypted at rest.
2026-05-26 01:32:18.522 +03:00 [ERR] Hosting failed to start
System.IO.IOException: Failed to bind to address http://127.0.0.1:5149: address already in use.
 ---> Microsoft.AspNetCore.Connections.AddressInUseException: Address already in use
 ---> System.Net.Sockets.SocketException (48): Address already in use
   at System.Net.Sockets.Socket.UpdateStatusAfterSocketErrorAndThrowException(SocketError error, Boolean disconnectOnFailure, String callerName)
   at System.Net.Sockets.Socket.DoBind(EndPoint endPointSnapshot, SocketAddress socketAddress)
   at System.Net.Sockets.Socket.Bind(EndPoint localEP)
   at Microsoft.AspNetCore.Server.Kestrel.Transport.Sockets.SocketTransportOptions.CreateDefaultBoundListenSocket(EndPoint endpoint)
   at Microsoft.AspNetCore.Server.Kestrel.Transport.Sockets.SocketConnectionListener.Bind()
   --- End of inner exception stack trace ---
   at Microsoft.AspNetCore.Server.Kestrel.Transport.Sockets.SocketConnectionListener.Bind()
   at Microsoft.AspNetCore.Server.Kestrel.Transport.Sockets.SocketTransportFactory.BindAsync(EndPoint endpoint, CancellationToken cancellationToken)
   at Microsoft.AspNetCore.Server.Kestrel.Core.Internal.Infrastructure.TransportManager.BindAsync(EndPoint endPoint, ConnectionDelegate connectionDelegate, EndpointConfig endpointConfig, CancellationToken cancellationToken)
   at Microsoft.AspNetCore.Server.Kestrel.Core.KestrelServerImpl.<>c__DisplayClass28_0`1.<<StartAsync>g__OnBind|0>d.MoveNext()
--- End of stack trace from previous location ---
   at Microsoft.AspNetCore.Server.Kestrel.Core.Internal.AddressBinder.BindEndpointAsync(ListenOptions endpoint, AddressBindContext context, CancellationToken cancellationToken)
   --- End of inner exception stack trace ---
   at Microsoft.AspNetCore.Server.Kestrel.Core.Internal.AddressBinder.BindEndpointAsync(ListenOptions endpoint, AddressBindContext context, CancellationToken cancellationToken)
   at Microsoft.AspNetCore.Server.Kestrel.Core.LocalhostListenOptions.BindAsync(AddressBindContext context, CancellationToken cancellationToken)
   at Microsoft.AspNetCore.Server.Kestrel.Core.Internal.AddressBinder.AddressesStrategy.BindAsync(AddressBindContext context, CancellationToken cancellationToken)
   at Microsoft.AspNetCore.Server.Kestrel.Core.KestrelServerImpl.BindAsync(CancellationToken cancellationToken)
   at Microsoft.AspNetCore.Server.Kestrel.Core.KestrelServerImpl.StartAsync[TContext](IHttpApplication`1 application, CancellationToken cancellationToken)
   at Microsoft.AspNetCore.Hosting.GenericWebHostService.StartAsync(CancellationToken cancellationToken)
   at Microsoft.Extensions.Hosting.Internal.Host.<StartAsync>b__14_1(IHostedService service, CancellationToken token)
   at Microsoft.Extensions.Hosting.Internal.Host.ForeachService[T](IEnumerable`1 services, CancellationToken token, Boolean concurrent, Boolean abortOnFirstException, List`1 exceptions, Func`3 operation)
2026-05-26 01:39:06.984 +03:00 [WRN] Entity 'Product' has a global query filter defined and is the required end of a relationship with the entity 'CartItem'. This may lead to unexpected results when the required entity is filtered out. Either configure the navigation as optional, or define matching query filters for both entities in the navigation. See https://go.microsoft.com/fwlink/?linkid=2131316 for more information.
2026-05-26 01:39:07.010 +03:00 [WRN] Entity 'Order' has a global query filter defined and is the required end of a relationship with the entity 'OrderItem'. This may lead to unexpected results when the required entity is filtered out. Either configure the navigation as optional, or define matching query filters for both entities in the navigation. See https://go.microsoft.com/fwlink/?linkid=2131316 for more information.
2026-05-26 01:39:07.010 +03:00 [WRN] Entity 'Order' has a global query filter defined and is the required end of a relationship with the entity 'Payment'. This may lead to unexpected results when the required entity is filtered out. Either configure the navigation as optional, or define matching query filters for both entities in the navigation. See https://go.microsoft.com/fwlink/?linkid=2131316 for more information.
2026-05-26 01:39:07.010 +03:00 [WRN] Entity 'Product' has a global query filter defined and is the required end of a relationship with the entity 'ProductImage'. This may lead to unexpected results when the required entity is filtered out. Either configure the navigation as optional, or define matching query filters for both entities in the navigation. See https://go.microsoft.com/fwlink/?linkid=2131316 for more information.
2026-05-26 01:39:07.436 +03:00 [INF] Executed DbCommand (23ms) [Parameters=[@normalizedName='?' (Size = 256)], CommandType='"Text"', CommandTimeout='30']
SELECT TOP(1) [r].[Id], [r].[ConcurrencyStamp], [r].[Name], [r].[NormalizedName]
FROM [Roles] AS [r]
WHERE [r].[NormalizedName] = @normalizedName
2026-05-26 01:39:07.481 +03:00 [INF] Executed DbCommand (4ms) [Parameters=[@normalizedName='?' (Size = 256)], CommandType='"Text"', CommandTimeout='30']
SELECT TOP(1) [r].[Id], [r].[ConcurrencyStamp], [r].[Name], [r].[NormalizedName]
FROM [Roles] AS [r]
WHERE [r].[NormalizedName] = @normalizedName
2026-05-26 01:39:07.484 +03:00 [INF] Executed DbCommand (3ms) [Parameters=[@normalizedName='?' (Size = 256)], CommandType='"Text"', CommandTimeout='30']
SELECT TOP(1) [r].[Id], [r].[ConcurrencyStamp], [r].[Name], [r].[NormalizedName]
FROM [Roles] AS [r]
WHERE [r].[NormalizedName] = @normalizedName
2026-05-26 01:39:07.486 +03:00 [INF] Executed DbCommand (2ms) [Parameters=[@normalizedName='?' (Size = 256)], CommandType='"Text"', CommandTimeout='30']
SELECT TOP(1) [r].[Id], [r].[ConcurrencyStamp], [r].[Name], [r].[NormalizedName]
FROM [Roles] AS [r]
WHERE [r].[NormalizedName] = @normalizedName
2026-05-26 01:39:07.519 +03:00 [INF] User profile is available. Using '/Users/ositrade/.aspnet/DataProtection-Keys' as key repository; keys will not be encrypted at rest.
2026-05-26 01:39:07.548 +03:00 [INF] Now listening on: http://localhost:5149
2026-05-26 01:39:07.549 +03:00 [INF] Application started. Press Ctrl+C to shut down.
2026-05-26 01:39:07.549 +03:00 [INF] Hosting environment: Development
2026-05-26 01:39:07.549 +03:00 [INF] Content root path: /Users/ositrade/Desktop/E-Commerce Projects/ShopNest/src/ShopNest.API
2026-05-26 01:39:07.623 +03:00 [INF] Application is shutting down...
2026-05-26 01:39:33.087 +03:00 [WRN] Entity 'Product' has a global query filter defined and is the required end of a relationship with the entity 'CartItem'. This may lead to unexpected results when the required entity is filtered out. Either configure the navigation as optional, or define matching query filters for both entities in the navigation. See https://go.microsoft.com/fwlink/?linkid=2131316 for more information.
2026-05-26 01:39:33.109 +03:00 [WRN] Entity 'Order' has a global query filter defined and is the required end of a relationship with the entity 'OrderItem'. This may lead to unexpected results when the required entity is filtered out. Either configure the navigation as optional, or define matching query filters for both entities in the navigation. See https://go.microsoft.com/fwlink/?linkid=2131316 for more information.
2026-05-26 01:39:33.109 +03:00 [WRN] Entity 'Order' has a global query filter defined and is the required end of a relationship with the entity 'Payment'. This may lead to unexpected results when the required entity is filtered out. Either configure the navigation as optional, or define matching query filters for both entities in the navigation. See https://go.microsoft.com/fwlink/?linkid=2131316 for more information.
2026-05-26 01:39:33.109 +03:00 [WRN] Entity 'Product' has a global query filter defined and is the required end of a relationship with the entity 'ProductImage'. This may lead to unexpected results when the required entity is filtered out. Either configure the navigation as optional, or define matching query filters for both entities in the navigation. See https://go.microsoft.com/fwlink/?linkid=2131316 for more information.
2026-05-26 01:39:33.514 +03:00 [INF] Executed DbCommand (26ms) [Parameters=[@normalizedName='?' (Size = 256)], CommandType='"Text"', CommandTimeout='30']
SELECT TOP(1) [r].[Id], [r].[ConcurrencyStamp], [r].[Name], [r].[NormalizedName]
FROM [Roles] AS [r]
WHERE [r].[NormalizedName] = @normalizedName
2026-05-26 01:39:33.564 +03:00 [INF] Executed DbCommand (4ms) [Parameters=[@normalizedName='?' (Size = 256)], CommandType='"Text"', CommandTimeout='30']
SELECT TOP(1) [r].[Id], [r].[ConcurrencyStamp], [r].[Name], [r].[NormalizedName]
FROM [Roles] AS [r]
WHERE [r].[NormalizedName] = @normalizedName
2026-05-26 01:39:33.566 +03:00 [INF] Executed DbCommand (1ms) [Parameters=[@normalizedName='?' (Size = 256)], CommandType='"Text"', CommandTimeout='30']
SELECT TOP(1) [r].[Id], [r].[ConcurrencyStamp], [r].[Name], [r].[NormalizedName]
FROM [Roles] AS [r]
WHERE [r].[NormalizedName] = @normalizedName
2026-05-26 01:39:33.568 +03:00 [INF] Executed DbCommand (1ms) [Parameters=[@normalizedName='?' (Size = 256)], CommandType='"Text"', CommandTimeout='30']
SELECT TOP(1) [r].[Id], [r].[ConcurrencyStamp], [r].[Name], [r].[NormalizedName]
FROM [Roles] AS [r]
WHERE [r].[NormalizedName] = @normalizedName
2026-05-26 01:39:33.605 +03:00 [INF] User profile is available. Using '/Users/ositrade/.aspnet/DataProtection-Keys' as key repository; keys will not be encrypted at rest.
2026-05-26 01:39:33.637 +03:00 [INF] Now listening on: http://localhost:5149
2026-05-26 01:39:33.638 +03:00 [INF] Application started. Press Ctrl+C to shut down.
2026-05-26 01:39:33.638 +03:00 [INF] Hosting environment: Development
2026-05-26 01:39:33.638 +03:00 [INF] Content root path: /Users/ositrade/Desktop/E-Commerce Projects/ShopNest/src/ShopNest.API
2026-05-26 01:39:34.137 +03:00 [INF] Application is shutting down...
2026-05-26 01:39:37.368 +03:00 [WRN] Entity 'Product' has a global query filter defined and is the required end of a relationship with the entity 'CartItem'. This may lead to unexpected results when the required entity is filtered out. Either configure the navigation as optional, or define matching query filters for both entities in the navigation. See https://go.microsoft.com/fwlink/?linkid=2131316 for more information.
2026-05-26 01:39:37.406 +03:00 [WRN] Entity 'Order' has a global query filter defined and is the required end of a relationship with the entity 'OrderItem'. This may lead to unexpected results when the required entity is filtered out. Either configure the navigation as optional, or define matching query filters for both entities in the navigation. See https://go.microsoft.com/fwlink/?linkid=2131316 for more information.
2026-05-26 01:39:37.406 +03:00 [WRN] Entity 'Order' has a global query filter defined and is the required end of a relationship with the entity 'Payment'. This may lead to unexpected results when the required entity is filtered out. Either configure the navigation as optional, or define matching query filters for both entities in the navigation. See https://go.microsoft.com/fwlink/?linkid=2131316 for more information.
2026-05-26 01:39:37.406 +03:00 [WRN] Entity 'Product' has a global query filter defined and is the required end of a relationship with the entity 'ProductImage'. This may lead to unexpected results when the required entity is filtered out. Either configure the navigation as optional, or define matching query filters for both entities in the navigation. See https://go.microsoft.com/fwlink/?linkid=2131316 for more information.
2026-05-26 01:39:37.756 +03:00 [INF] Executed DbCommand (22ms) [Parameters=[@normalizedName='?' (Size = 256)], CommandType='"Text"', CommandTimeout='30']
SELECT TOP(1) [r].[Id], [r].[ConcurrencyStamp], [r].[Name], [r].[NormalizedName]
FROM [Roles] AS [r]
WHERE [r].[NormalizedName] = @normalizedName
2026-05-26 01:39:37.799 +03:00 [INF] Executed DbCommand (4ms) [Parameters=[@normalizedName='?' (Size = 256)], CommandType='"Text"', CommandTimeout='30']
SELECT TOP(1) [r].[Id], [r].[ConcurrencyStamp], [r].[Name], [r].[NormalizedName]
FROM [Roles] AS [r]
WHERE [r].[NormalizedName] = @normalizedName
2026-05-26 01:39:37.802 +03:00 [INF] Executed DbCommand (3ms) [Parameters=[@normalizedName='?' (Size = 256)], CommandType='"Text"', CommandTimeout='30']
SELECT TOP(1) [r].[Id], [r].[ConcurrencyStamp], [r].[Name], [r].[NormalizedName]
FROM [Roles] AS [r]
WHERE [r].[NormalizedName] = @normalizedName
2026-05-26 01:39:37.804 +03:00 [INF] Executed DbCommand (1ms) [Parameters=[@normalizedName='?' (Size = 256)], CommandType='"Text"', CommandTimeout='30']
SELECT TOP(1) [r].[Id], [r].[ConcurrencyStamp], [r].[Name], [r].[NormalizedName]
FROM [Roles] AS [r]
WHERE [r].[NormalizedName] = @normalizedName
2026-05-26 01:39:37.830 +03:00 [INF] User profile is available. Using '/Users/ositrade/.aspnet/DataProtection-Keys' as key repository; keys will not be encrypted at rest.
2026-05-26 01:39:37.854 +03:00 [INF] Now listening on: http://localhost:5149
2026-05-26 01:39:37.855 +03:00 [INF] Application started. Press Ctrl+C to shut down.
2026-05-26 01:39:37.855 +03:00 [INF] Hosting environment: Development
2026-05-26 01:39:37.855 +03:00 [INF] Content root path: /Users/ositrade/Desktop/E-Commerce Projects/ShopNest/src/ShopNest.API
2026-05-26 01:39:38.298 +03:00 [INF] Application is shutting down...
2026-05-26 01:41:16.146 +03:00 [WRN] Entity 'Product' has a global query filter defined and is the required end of a relationship with the entity 'CartItem'. This may lead to unexpected results when the required entity is filtered out. Either configure the navigation as optional, or define matching query filters for both entities in the navigation. See https://go.microsoft.com/fwlink/?linkid=2131316 for more information.
2026-05-26 01:41:16.181 +03:00 [WRN] Entity 'Order' has a global query filter defined and is the required end of a relationship with the entity 'OrderItem'. This may lead to unexpected results when the required entity is filtered out. Either configure the navigation as optional, or define matching query filters for both entities in the navigation. See https://go.microsoft.com/fwlink/?linkid=2131316 for more information.
2026-05-26 01:41:16.181 +03:00 [WRN] Entity 'Order' has a global query filter defined and is the required end of a relationship with the entity 'Payment'. This may lead to unexpected results when the required entity is filtered out. Either configure the navigation as optional, or define matching query filters for both entities in the navigation. See https://go.microsoft.com/fwlink/?linkid=2131316 for more information.
2026-05-26 01:41:16.181 +03:00 [WRN] Entity 'Product' has a global query filter defined and is the required end of a relationship with the entity 'ProductImage'. This may lead to unexpected results when the required entity is filtered out. Either configure the navigation as optional, or define matching query filters for both entities in the navigation. See https://go.microsoft.com/fwlink/?linkid=2131316 for more information.
2026-05-26 01:41:16.621 +03:00 [INF] Executed DbCommand (31ms) [Parameters=[@normalizedName='?' (Size = 256)], CommandType='"Text"', CommandTimeout='30']
SELECT TOP(1) [r].[Id], [r].[ConcurrencyStamp], [r].[Name], [r].[NormalizedName]
FROM [Roles] AS [r]
WHERE [r].[NormalizedName] = @normalizedName
2026-05-26 01:41:16.667 +03:00 [INF] Executed DbCommand (3ms) [Parameters=[@normalizedName='?' (Size = 256)], CommandType='"Text"', CommandTimeout='30']
SELECT TOP(1) [r].[Id], [r].[ConcurrencyStamp], [r].[Name], [r].[NormalizedName]
FROM [Roles] AS [r]
WHERE [r].[NormalizedName] = @normalizedName
2026-05-26 01:41:16.670 +03:00 [INF] Executed DbCommand (3ms) [Parameters=[@normalizedName='?' (Size = 256)], CommandType='"Text"', CommandTimeout='30']
SELECT TOP(1) [r].[Id], [r].[ConcurrencyStamp], [r].[Name], [r].[NormalizedName]
FROM [Roles] AS [r]
WHERE [r].[NormalizedName] = @normalizedName
2026-05-26 01:41:16.672 +03:00 [INF] Executed DbCommand (2ms) [Parameters=[@normalizedName='?' (Size = 256)], CommandType='"Text"', CommandTimeout='30']
SELECT TOP(1) [r].[Id], [r].[ConcurrencyStamp], [r].[Name], [r].[NormalizedName]
FROM [Roles] AS [r]
WHERE [r].[NormalizedName] = @normalizedName
2026-05-26 01:41:16.705 +03:00 [INF] User profile is available. Using '/Users/ositrade/.aspnet/DataProtection-Keys' as key repository; keys will not be encrypted at rest.
2026-05-26 01:41:16.732 +03:00 [INF] Now listening on: http://localhost:5149
2026-05-26 01:41:16.733 +03:00 [INF] Application started. Press Ctrl+C to shut down.
2026-05-26 01:41:16.733 +03:00 [INF] Hosting environment: Development
2026-05-26 01:41:16.733 +03:00 [INF] Content root path: /Users/ositrade/Desktop/E-Commerce Projects/ShopNest/src/ShopNest.API
2026-05-26 01:41:16.935 +03:00 [INF] Request starting HTTP/1.1 GET http://localhost:5149/ - null null
2026-05-26 01:41:16.946 +03:00 [WRN] Failed to determine the https port for redirect.
2026-05-26 01:41:16.961 +03:00 [INF] HTTP GET / responded 404 in 15.4465 ms
2026-05-26 01:41:16.964 +03:00 [INF] Request finished HTTP/1.1 GET http://localhost:5149/ - 404 0 null 30.0335ms
2026-05-26 01:41:16.965 +03:00 [INF] Request reached the end of the middleware pipeline without being handled by application code. Request path: GET http://localhost:5149/, Response status code: 404
2026-05-26 01:41:16.981 +03:00 [INF] Request starting HTTP/1.1 GET http://localhost:5149/scalar/v1 - null null
2026-05-26 01:41:16.982 +03:00 [INF] HTTP GET /scalar/v1 responded 404 in 0.7211 ms
2026-05-26 01:41:16.982 +03:00 [INF] Request finished HTTP/1.1 GET http://localhost:5149/scalar/v1 - 404 0 null 1.0847ms
2026-05-26 01:41:16.983 +03:00 [INF] Request reached the end of the middleware pipeline without being handled by application code. Request path: GET http://localhost:5149/scalar/v1, Response status code: 404
2026-05-26 01:41:17.021 +03:00 [INF] Application is shutting down...
2026-05-26 01:41:56.206 +03:00 [WRN] Entity 'Product' has a global query filter defined and is the required end of a relationship with the entity 'CartItem'. This may lead to unexpected results when the required entity is filtered out. Either configure the navigation as optional, or define matching query filters for both entities in the navigation. See https://go.microsoft.com/fwlink/?linkid=2131316 for more information.
2026-05-26 01:41:56.240 +03:00 [WRN] Entity 'Order' has a global query filter defined and is the required end of a relationship with the entity 'OrderItem'. This may lead to unexpected results when the required entity is filtered out. Either configure the navigation as optional, or define matching query filters for both entities in the navigation. See https://go.microsoft.com/fwlink/?linkid=2131316 for more information.
2026-05-26 01:41:56.240 +03:00 [WRN] Entity 'Order' has a global query filter defined and is the required end of a relationship with the entity 'Payment'. This may lead to unexpected results when the required entity is filtered out. Either configure the navigation as optional, or define matching query filters for both entities in the navigation. See https://go.microsoft.com/fwlink/?linkid=2131316 for more information.
2026-05-26 01:41:56.240 +03:00 [WRN] Entity 'Product' has a global query filter defined and is the required end of a relationship with the entity 'ProductImage'. This may lead to unexpected results when the required entity is filtered out. Either configure the navigation as optional, or define matching query filters for both entities in the navigation. See https://go.microsoft.com/fwlink/?linkid=2131316 for more information.
2026-05-26 01:41:56.699 +03:00 [INF] Executed DbCommand (28ms) [Parameters=[@normalizedName='?' (Size = 256)], CommandType='"Text"', CommandTimeout='30']
SELECT TOP(1) [r].[Id], [r].[ConcurrencyStamp], [r].[Name], [r].[NormalizedName]
FROM [Roles] AS [r]
WHERE [r].[NormalizedName] = @normalizedName
2026-05-26 01:41:56.765 +03:00 [INF] Executed DbCommand (4ms) [Parameters=[@normalizedName='?' (Size = 256)], CommandType='"Text"', CommandTimeout='30']
SELECT TOP(1) [r].[Id], [r].[ConcurrencyStamp], [r].[Name], [r].[NormalizedName]
FROM [Roles] AS [r]
WHERE [r].[NormalizedName] = @normalizedName
2026-05-26 01:41:56.768 +03:00 [INF] Executed DbCommand (2ms) [Parameters=[@normalizedName='?' (Size = 256)], CommandType='"Text"', CommandTimeout='30']
SELECT TOP(1) [r].[Id], [r].[ConcurrencyStamp], [r].[Name], [r].[NormalizedName]
FROM [Roles] AS [r]
WHERE [r].[NormalizedName] = @normalizedName
2026-05-26 01:41:56.770 +03:00 [INF] Executed DbCommand (2ms) [Parameters=[@normalizedName='?' (Size = 256)], CommandType='"Text"', CommandTimeout='30']
SELECT TOP(1) [r].[Id], [r].[ConcurrencyStamp], [r].[Name], [r].[NormalizedName]
FROM [Roles] AS [r]
WHERE [r].[NormalizedName] = @normalizedName
2026-05-26 01:41:56.810 +03:00 [INF] User profile is available. Using '/Users/ositrade/.aspnet/DataProtection-Keys' as key repository; keys will not be encrypted at rest.
2026-05-26 01:41:56.987 +03:00 [INF] Now listening on: https://localhost:7240
2026-05-26 01:41:56.988 +03:00 [INF] Now listening on: http://localhost:5149
2026-05-26 01:41:56.989 +03:00 [INF] Application started. Press Ctrl+C to shut down.
2026-05-26 01:41:56.989 +03:00 [INF] Hosting environment: Development
2026-05-26 01:41:56.989 +03:00 [INF] Content root path: /Users/ositrade/Desktop/E-Commerce Projects/ShopNest/src/ShopNest.API
2026-05-26 01:41:57.466 +03:00 [INF] Request starting HTTP/2 GET https://localhost:7240/scalar/v1 - null null
2026-05-26 01:41:57.533 +03:00 [INF] HTTP GET /scalar/v1 responded 404 in 27.2089 ms
2026-05-26 01:41:57.535 +03:00 [INF] Request finished HTTP/2 GET https://localhost:7240/scalar/v1 - 404 0 null 73.0207ms
2026-05-26 01:41:57.536 +03:00 [INF] Request reached the end of the middleware pipeline without being handled by application code. Request path: GET https://localhost:7240/scalar/v1, Response status code: 404
2026-05-26 01:43:24.066 +03:00 [INF] Request starting HTTP/2 GET https://localhost:7240/favicon.ico - null null
2026-05-26 01:43:24.069 +03:00 [INF] HTTP GET /favicon.ico responded 404 in 2.1524 ms
2026-05-26 01:43:24.069 +03:00 [INF] Request finished HTTP/2 GET https://localhost:7240/favicon.ico - 404 0 null 3.9064ms
2026-05-26 01:43:24.070 +03:00 [INF] Request reached the end of the middleware pipeline without being handled by application code. Request path: GET https://localhost:7240/favicon.ico, Response status code: 404
2026-05-26 01:43:37.189 +03:00 [INF] Request starting HTTP/2 GET https://localhost:7240/favicon.ico - null null
2026-05-26 01:43:37.196 +03:00 [INF] HTTP GET /favicon.ico responded 404 in 6.7796 ms
2026-05-26 01:43:37.198 +03:00 [INF] Request finished HTTP/2 GET https://localhost:7240/favicon.ico - 404 0 null 7.898ms
2026-05-26 01:43:37.199 +03:00 [INF] Request reached the end of the middleware pipeline without being handled by application code. Request path: GET https://localhost:7240/favicon.ico, Response status code: 404
2026-05-26 01:43:46.791 +03:00 [INF] Application is shutting down...
2026-05-26 01:44:14.311 +03:00 [WRN] Entity 'Product' has a global query filter defined and is the required end of a relationship with the entity 'CartItem'. This may lead to unexpected results when the required entity is filtered out. Either configure the navigation as optional, or define matching query filters for both entities in the navigation. See https://go.microsoft.com/fwlink/?linkid=2131316 for more information.
2026-05-26 01:44:14.332 +03:00 [WRN] Entity 'Order' has a global query filter defined and is the required end of a relationship with the entity 'OrderItem'. This may lead to unexpected results when the required entity is filtered out. Either configure the navigation as optional, or define matching query filters for both entities in the navigation. See https://go.microsoft.com/fwlink/?linkid=2131316 for more information.
2026-05-26 01:44:14.332 +03:00 [WRN] Entity 'Order' has a global query filter defined and is the required end of a relationship with the entity 'Payment'. This may lead to unexpected results when the required entity is filtered out. Either configure the navigation as optional, or define matching query filters for both entities in the navigation. See https://go.microsoft.com/fwlink/?linkid=2131316 for more information.
2026-05-26 01:44:14.332 +03:00 [WRN] Entity 'Product' has a global query filter defined and is the required end of a relationship with the entity 'ProductImage'. This may lead to unexpected results when the required entity is filtered out. Either configure the navigation as optional, or define matching query filters for both entities in the navigation. See https://go.microsoft.com/fwlink/?linkid=2131316 for more information.
2026-05-26 01:44:14.701 +03:00 [INF] Executed DbCommand (21ms) [Parameters=[@normalizedName='?' (Size = 256)], CommandType='"Text"', CommandTimeout='30']
SELECT TOP(1) [r].[Id], [r].[ConcurrencyStamp], [r].[Name], [r].[NormalizedName]
FROM [Roles] AS [r]
WHERE [r].[NormalizedName] = @normalizedName
2026-05-26 01:44:14.754 +03:00 [INF] Executed DbCommand (14ms) [Parameters=[@normalizedName='?' (Size = 256)], CommandType='"Text"', CommandTimeout='30']
SELECT TOP(1) [r].[Id], [r].[ConcurrencyStamp], [r].[Name], [r].[NormalizedName]
FROM [Roles] AS [r]
WHERE [r].[NormalizedName] = @normalizedName
2026-05-26 01:44:14.757 +03:00 [INF] Executed DbCommand (2ms) [Parameters=[@normalizedName='?' (Size = 256)], CommandType='"Text"', CommandTimeout='30']
SELECT TOP(1) [r].[Id], [r].[ConcurrencyStamp], [r].[Name], [r].[NormalizedName]
FROM [Roles] AS [r]
WHERE [r].[NormalizedName] = @normalizedName
2026-05-26 01:44:14.758 +03:00 [INF] Executed DbCommand (1ms) [Parameters=[@normalizedName='?' (Size = 256)], CommandType='"Text"', CommandTimeout='30']
SELECT TOP(1) [r].[Id], [r].[ConcurrencyStamp], [r].[Name], [r].[NormalizedName]
FROM [Roles] AS [r]
WHERE [r].[NormalizedName] = @normalizedName
2026-05-26 01:44:14.791 +03:00 [INF] User profile is available. Using '/Users/ositrade/.aspnet/DataProtection-Keys' as key repository; keys will not be encrypted at rest.
2026-05-26 01:44:14.997 +03:00 [INF] Now listening on: https://localhost:7240
2026-05-26 01:44:14.997 +03:00 [INF] Now listening on: http://localhost:5149
2026-05-26 01:44:14.997 +03:00 [INF] Application started. Press Ctrl+C to shut down.
2026-05-26 01:44:14.998 +03:00 [INF] Hosting environment: Development
2026-05-26 01:44:14.998 +03:00 [INF] Content root path: /Users/ositrade/Desktop/E-Commerce Projects/ShopNest/src/ShopNest.API
2026-05-26 01:44:15.982 +03:00 [INF] Request starting HTTP/2 GET https://localhost:7240/scalar/v1 - null null
2026-05-26 01:44:16.008 +03:00 [INF] Executing endpoint 'HTTP: GET /scalar/{documentName?}'
2026-05-26 01:44:16.064 +03:00 [INF] Write content with HTTP Response ContentType of text/html
2026-05-26 01:44:16.065 +03:00 [INF] Executed endpoint 'HTTP: GET /scalar/{documentName?}'
2026-05-26 01:44:16.065 +03:00 [INF] HTTP GET /scalar/v1 responded 200 in 70.8136 ms
2026-05-26 01:44:16.066 +03:00 [INF] Request finished HTTP/2 GET https://localhost:7240/scalar/v1 - 200 624 text/html 85.2232ms
2026-05-26 01:44:16.118 +03:00 [INF] Request starting HTTP/2 GET https://localhost:7240/openapi/v1.json - null null
2026-05-26 01:44:16.119 +03:00 [INF] Executing endpoint 'HTTP: GET /openapi/{documentName}.json'
2026-05-26 01:44:16.187 +03:00 [INF] Executed endpoint 'HTTP: GET /openapi/{documentName}.json'
2026-05-26 01:44:16.188 +03:00 [INF] HTTP GET /openapi/v1.json responded 200 in 69.2168 ms
2026-05-26 01:44:16.188 +03:00 [INF] Request finished HTTP/2 GET https://localhost:7240/openapi/v1.json - 200 null application/json;charset=utf-8 70.3598ms
2026-05-26 01:44:16.230 +03:00 [INF] Request starting HTTP/2 GET https://localhost:7240/ - null null
2026-05-26 01:44:16.231 +03:00 [INF] HTTP GET / responded 404 in 1.3893 ms
2026-05-26 01:44:16.232 +03:00 [INF] Request finished HTTP/2 GET https://localhost:7240/ - 404 0 null 1.7954ms
2026-05-26 01:44:16.232 +03:00 [INF] Request reached the end of the middleware pipeline without being handled by application code. Request path: GET https://localhost:7240/, Response status code: 404
2026-05-26 01:44:16.285 +03:00 [INF] Application is shutting down...
2026-05-26 01:45:39.824 +03:00 [WRN] Entity 'Product' has a global query filter defined and is the required end of a relationship with the entity 'CartItem'. This may lead to unexpected results when the required entity is filtered out. Either configure the navigation as optional, or define matching query filters for both entities in the navigation. See https://go.microsoft.com/fwlink/?linkid=2131316 for more information.
2026-05-26 01:45:39.858 +03:00 [WRN] Entity 'Order' has a global query filter defined and is the required end of a relationship with the entity 'OrderItem'. This may lead to unexpected results when the required entity is filtered out. Either configure the navigation as optional, or define matching query filters for both entities in the navigation. See https://go.microsoft.com/fwlink/?linkid=2131316 for more information.
2026-05-26 01:45:39.859 +03:00 [WRN] Entity 'Order' has a global query filter defined and is the required end of a relationship with the entity 'Payment'. This may lead to unexpected results when the required entity is filtered out. Either configure the navigation as optional, or define matching query filters for both entities in the navigation. See https://go.microsoft.com/fwlink/?linkid=2131316 for more information.
2026-05-26 01:45:39.859 +03:00 [WRN] Entity 'Product' has a global query filter defined and is the required end of a relationship with the entity 'ProductImage'. This may lead to unexpected results when the required entity is filtered out. Either configure the navigation as optional, or define matching query filters for both entities in the navigation. See https://go.microsoft.com/fwlink/?linkid=2131316 for more information.
2026-05-26 01:45:40.365 +03:00 [INF] Executed DbCommand (28ms) [Parameters=[@normalizedName='?' (Size = 256)], CommandType='"Text"', CommandTimeout='30']
SELECT TOP(1) [r].[Id], [r].[ConcurrencyStamp], [r].[Name], [r].[NormalizedName]
FROM [Roles] AS [r]
WHERE [r].[NormalizedName] = @normalizedName
2026-05-26 01:45:40.432 +03:00 [INF] Executed DbCommand (3ms) [Parameters=[@normalizedName='?' (Size = 256)], CommandType='"Text"', CommandTimeout='30']
SELECT TOP(1) [r].[Id], [r].[ConcurrencyStamp], [r].[Name], [r].[NormalizedName]
FROM [Roles] AS [r]
WHERE [r].[NormalizedName] = @normalizedName
2026-05-26 01:45:40.435 +03:00 [INF] Executed DbCommand (3ms) [Parameters=[@normalizedName='?' (Size = 256)], CommandType='"Text"', CommandTimeout='30']
SELECT TOP(1) [r].[Id], [r].[ConcurrencyStamp], [r].[Name], [r].[NormalizedName]
FROM [Roles] AS [r]
WHERE [r].[NormalizedName] = @normalizedName
2026-05-26 01:45:40.438 +03:00 [INF] Executed DbCommand (2ms) [Parameters=[@normalizedName='?' (Size = 256)], CommandType='"Text"', CommandTimeout='30']
SELECT TOP(1) [r].[Id], [r].[ConcurrencyStamp], [r].[Name], [r].[NormalizedName]
FROM [Roles] AS [r]
WHERE [r].[NormalizedName] = @normalizedName
2026-05-26 01:45:40.482 +03:00 [INF] User profile is available. Using '/Users/ositrade/.aspnet/DataProtection-Keys' as key repository; keys will not be encrypted at rest.
2026-05-26 01:45:40.655 +03:00 [INF] Now listening on: https://localhost:7240
2026-05-26 01:45:40.655 +03:00 [INF] Now listening on: http://localhost:5149
2026-05-26 01:45:40.656 +03:00 [INF] Application started. Press Ctrl+C to shut down.
2026-05-26 01:45:40.657 +03:00 [INF] Hosting environment: Development
2026-05-26 01:45:40.657 +03:00 [INF] Content root path: /Users/ositrade/Desktop/E-Commerce Projects/ShopNest/src/ShopNest.API
2026-05-26 01:45:41.176 +03:00 [INF] Request starting HTTP/2 GET https://localhost:7240/scalar/v1 - null null
2026-05-26 01:45:41.214 +03:00 [INF] Executing endpoint 'HTTP: GET /scalar/{documentName?}'
2026-05-26 01:45:41.322 +03:00 [INF] Write content with HTTP Response ContentType of text/html
2026-05-26 01:45:41.322 +03:00 [INF] Executed endpoint 'HTTP: GET /scalar/{documentName?}'
2026-05-26 01:45:41.324 +03:00 [INF] HTTP GET /scalar/v1 responded 200 in 131.6000 ms
2026-05-26 01:45:41.329 +03:00 [INF] Request finished HTTP/2 GET https://localhost:7240/scalar/v1 - 200 624 text/html 154.3012ms
2026-05-26 01:45:41.343 +03:00 [INF] Request starting HTTP/2 GET https://localhost:7240/scalar/scalar.js - null null
2026-05-26 01:45:41.343 +03:00 [INF] Request starting HTTP/2 GET https://localhost:7240/scalar/scalar.aspnetcore.js - null null
2026-05-26 01:45:41.344 +03:00 [INF] Executing endpoint 'HTTP: GET /scalar/scalar.js'
2026-05-26 01:45:41.345 +03:00 [INF] CORS policy execution failed.
2026-05-26 01:45:41.345 +03:00 [INF] Request origin https://localhost:7240 does not have permission to access the resource.
2026-05-26 01:45:41.348 +03:00 [INF] Executing endpoint 'HTTP: GET /scalar/scalar.aspnetcore.js'
2026-05-26 01:45:41.351 +03:00 [INF] Sending file with download name ''.
2026-05-26 01:45:41.351 +03:00 [INF] Sending file with download name ''.
2026-05-26 01:45:41.354 +03:00 [INF] Executed endpoint 'HTTP: GET /scalar/scalar.aspnetcore.js'
2026-05-26 01:45:41.355 +03:00 [INF] HTTP GET /scalar/scalar.aspnetcore.js responded 200 in 10.8460 ms
2026-05-26 01:45:41.355 +03:00 [INF] Request finished HTTP/2 GET https://localhost:7240/scalar/scalar.aspnetcore.js - 200 1111 text/javascript 12.2857ms
2026-05-26 01:45:41.368 +03:00 [INF] Executed endpoint 'HTTP: GET /scalar/scalar.js'
2026-05-26 01:45:41.369 +03:00 [INF] HTTP GET /scalar/scalar.js responded 200 in 25.2579 ms
2026-05-26 01:45:41.370 +03:00 [INF] Request finished HTTP/2 GET https://localhost:7240/scalar/scalar.js - 200 1012335 text/javascript 27.3076ms
2026-05-26 01:45:41.561 +03:00 [INF] Request starting HTTP/2 GET https://localhost:7240/openapi/v1.json - null null
2026-05-26 01:45:41.562 +03:00 [INF] Executing endpoint 'HTTP: GET /openapi/{documentName}.json'
2026-05-26 01:45:41.671 +03:00 [INF] Executed endpoint 'HTTP: GET /openapi/{documentName}.json'
2026-05-26 01:45:41.671 +03:00 [INF] HTTP GET /openapi/v1.json responded 200 in 109.3995 ms
2026-05-26 01:45:41.671 +03:00 [INF] Request finished HTTP/2 GET https://localhost:7240/openapi/v1.json - 200 null application/json;charset=utf-8 110.3046ms
2026-05-26 01:45:42.030 +03:00 [INF] Request starting HTTP/2 GET https://localhost:7240/scalar/favicon.svg - null null
2026-05-26 01:45:42.030 +03:00 [INF] Executing endpoint 'HTTP: GET /scalar/favicon.svg'
2026-05-26 01:45:42.030 +03:00 [INF] Sending file with download name ''.
2026-05-26 01:45:42.031 +03:00 [INF] Executed endpoint 'HTTP: GET /scalar/favicon.svg'
2026-05-26 01:45:42.031 +03:00 [INF] HTTP GET /scalar/favicon.svg responded 200 in 0.6779 ms
2026-05-26 01:45:42.031 +03:00 [INF] Request finished HTTP/2 GET https://localhost:7240/scalar/favicon.svg - 200 533 image/svg+xml 1.5467ms
2026-05-26 01:46:16.769 +03:00 [INF] Request starting HTTP/2 POST https://localhost:7240/api/v1/auth/register - application/json 76
2026-05-26 01:46:16.772 +03:00 [INF] CORS policy execution failed.
2026-05-26 01:46:16.772 +03:00 [INF] Request origin https://localhost:7240 does not have permission to access the resource.
2026-05-26 01:46:16.772 +03:00 [INF] Executing endpoint 'ShopNest.API.Controllers.AuthController.Register (ShopNest.API)'
2026-05-26 01:46:16.793 +03:00 [INF] Route matched with {action = "Register", controller = "Auth"}. Executing controller action with signature System.Threading.Tasks.Task`1[Microsoft.AspNetCore.Mvc.IActionResult] Register(ShopNest.Application.Features.Auth.DTOs.RegisterRequest, System.Threading.CancellationToken) on controller ShopNest.API.Controllers.AuthController (ShopNest.API).
2026-05-26 01:46:16.801 +03:00 [WRN] You do not have a valid license key for the Lucky Penny software MediatR. This is allowed for development and testing scenarios. If you are running in production you are required to have a licensed version. Please visit https://luckypennysoftware.com to obtain a valid license.
2026-05-26 01:46:16.829 +03:00 [INF] Executing action method ShopNest.API.Controllers.AuthController.Register (ShopNest.API) - Validation state: "Valid"
2026-05-26 01:46:16.837 +03:00 [INF] Registration attempt for 
2026-05-26 01:46:16.900 +03:00 [INF] Executed DbCommand (15ms) [Parameters=[@normalizedEmail='?' (Size = 256)], CommandType='"Text"', CommandTimeout='30']
SELECT TOP(2) [u].[Id], [u].[AccessFailedCount], [u].[AvatarUrl], [u].[ConcurrencyStamp], [u].[CreatedAt], [u].[Email], [u].[EmailConfirmed], [u].[FirstName], [u].[IsActive], [u].[LastName], [u].[LockoutEnabled], [u].[LockoutEnd], [u].[NormalizedEmail], [u].[NormalizedUserName], [u].[PasswordHash], [u].[PhoneNumber], [u].[PhoneNumberConfirmed], [u].[SecurityStamp], [u].[TwoFactorEnabled], [u].[UpdatedAt], [u].[UserName]
FROM [Users] AS [u]
WHERE [u].[NormalizedEmail] = @normalizedEmail
2026-05-26 01:46:16.904 +03:00 [WRN] Identity creation failed for : Passwords must be at least 8 characters.; Passwords must have at least one non alphanumeric character.; Passwords must have at least one digit ('0'-'9').; Passwords must have at least one lowercase ('a'-'z').; Passwords must have at least one uppercase ('A'-'Z').; Passwords must use at least 1 different characters.
2026-05-26 01:46:16.908 +03:00 [INF] Executed action method ShopNest.API.Controllers.AuthController.Register (ShopNest.API), returned result Microsoft.AspNetCore.Mvc.BadRequestObjectResult in 76.4246ms.
2026-05-26 01:46:16.912 +03:00 [INF] Executing BadRequestObjectResult, writing value of type '<>f__AnonymousType1`3[[System.Boolean, System.Private.CoreLib, Version=10.0.0.0, Culture=neutral, PublicKeyToken=7cec85d7bea7798e],[System.String, System.Private.CoreLib, Version=10.0.0.0, Culture=neutral, PublicKeyToken=7cec85d7bea7798e],[System.String, System.Private.CoreLib, Version=10.0.0.0, Culture=neutral, PublicKeyToken=7cec85d7bea7798e]]'.
2026-05-26 01:46:16.917 +03:00 [INF] Executed action ShopNest.API.Controllers.AuthController.Register (ShopNest.API) in 121.4274ms
2026-05-26 01:46:16.917 +03:00 [INF] Executed endpoint 'ShopNest.API.Controllers.AuthController.Register (ShopNest.API)'
2026-05-26 01:46:16.917 +03:00 [INF] HTTP POST /api/v1/auth/register responded 400 in 145.1450 ms
2026-05-26 01:46:16.920 +03:00 [INF] Request finished HTTP/2 POST https://localhost:7240/api/v1/auth/register - 400 null application/json; charset=utf-8 151.2908ms
2026-05-26 01:47:14.274 +03:00 [INF] Request starting HTTP/2 POST https://localhost:7240/api/v1/auth/login - application/json 26
2026-05-26 01:47:14.282 +03:00 [INF] CORS policy execution failed.
2026-05-26 01:47:14.282 +03:00 [INF] Request origin https://localhost:7240 does not have permission to access the resource.
2026-05-26 01:47:14.283 +03:00 [INF] Executing endpoint 'ShopNest.API.Controllers.AuthController.Login (ShopNest.API)'
2026-05-26 01:47:14.293 +03:00 [INF] Route matched with {action = "Login", controller = "Auth"}. Executing controller action with signature System.Threading.Tasks.Task`1[Microsoft.AspNetCore.Mvc.IActionResult] Login(ShopNest.Application.Features.Auth.DTOs.LoginRequest, System.Threading.CancellationToken) on controller ShopNest.API.Controllers.AuthController (ShopNest.API).
2026-05-26 01:47:14.298 +03:00 [INF] Executing action method ShopNest.API.Controllers.AuthController.Login (ShopNest.API) - Validation state: "Valid"
2026-05-26 01:47:14.313 +03:00 [INF] Login attempt from ::1 for 
2026-05-26 01:47:14.345 +03:00 [INF] Executed DbCommand (8ms) [Parameters=[@normalizedEmail='?' (Size = 256)], CommandType='"Text"', CommandTimeout='30']
SELECT TOP(2) [u].[Id], [u].[AccessFailedCount], [u].[AvatarUrl], [u].[ConcurrencyStamp], [u].[CreatedAt], [u].[Email], [u].[EmailConfirmed], [u].[FirstName], [u].[IsActive], [u].[LastName], [u].[LockoutEnabled], [u].[LockoutEnd], [u].[NormalizedEmail], [u].[NormalizedUserName], [u].[PasswordHash], [u].[PhoneNumber], [u].[PhoneNumberConfirmed], [u].[SecurityStamp], [u].[TwoFactorEnabled], [u].[UpdatedAt], [u].[UserName]
FROM [Users] AS [u]
WHERE [u].[NormalizedEmail] = @normalizedEmail
2026-05-26 01:47:14.362 +03:00 [WRN] Login failed — unknown email: 
2026-05-26 01:47:14.363 +03:00 [INF] Executed action method ShopNest.API.Controllers.AuthController.Login (ShopNest.API), returned result Microsoft.AspNetCore.Mvc.UnauthorizedObjectResult in 64.9183ms.
2026-05-26 01:47:14.364 +03:00 [INF] Executing UnauthorizedObjectResult, writing value of type '<>f__AnonymousType1`3[[System.Boolean, System.Private.CoreLib, Version=10.0.0.0, Culture=neutral, PublicKeyToken=7cec85d7bea7798e],[System.String, System.Private.CoreLib, Version=10.0.0.0, Culture=neutral, PublicKeyToken=7cec85d7bea7798e],[System.String, System.Private.CoreLib, Version=10.0.0.0, Culture=neutral, PublicKeyToken=7cec85d7bea7798e]]'.
2026-05-26 01:47:14.365 +03:00 [INF] Executed action ShopNest.API.Controllers.AuthController.Login (ShopNest.API) in 71.4768ms
2026-05-26 01:47:14.370 +03:00 [INF] Executed endpoint 'ShopNest.API.Controllers.AuthController.Login (ShopNest.API)'
2026-05-26 01:47:14.370 +03:00 [INF] HTTP POST /api/v1/auth/login responded 401 in 88.8576 ms
2026-05-26 01:47:14.371 +03:00 [INF] Request finished HTTP/2 POST https://localhost:7240/api/v1/auth/login - 401 null application/json; charset=utf-8 104.6328ms
2026-05-26 01:47:25.307 +03:00 [INF] Application is shutting down...
